Company,Estimated Headcount,Lastest Funding Event Year,Latest Event Funding Amount,Total Current Known Funding Level,Current Estimated Annual Revenue,Estimated Market Value,Founded,Market Opportunity,Team & Execution,Technology Differentiation,Funding Efficiency,Growth Metrics,Industry Impact,Competitive Moat,Weighted Score,Score Financial,Customer Signal Score,Est. Revenue by ARR or HC,Weighted Startup Quality Score,ARR Multiple,Estimated Valuation,Funding Floor,Estimated Value Final,ARR per Employee,Annual Burn Proxy,Runway Proxy (Months),Startup Size Category,Capital Efficiency,Runway Quality,Net Burn Level,Financial Confidence
nTop,145,2024,$65000000.0,$135000000.0,$50000000.0,$600000000.0,2015,4.6,4.7,4.2,4.4,4.3,4.7,4.4,4.48,30,2,$50M,4,9,$450M,$270M,$450M,$344827.6,$29M,29,Large,High,Comfortable,Very High,Strong
Shapr3D,120,2022,$14500000.0,$22000000.0,$25000000.0,$250000000.0,2015,4.6,4.7,4.5,4.3,4.5,4.1,4.1,4.47,30,8,$25M,4,9,$225M,$44M,$225M,$208333.3,$24M,24,Large,High,Comfortable,Very High,Strong
Axial3D,63,2024,$18200000.0,$18200000.0,$18200000.0,$150000000.0,2014,4.6,4.5,4.7,4.5,3.9,4.2,4.3,4.46,30,4,$18.2M,4,9,$163.8M,$36.4M,$163.8M,$288888.9,$12.6M,13,Large,High,Tight,High,Strong
Gravity Sketch,75,2023,$150000.0,$41800000.0,$20000000.0,$300000000.0,2014,4.6,4.5,4.4,4.3,4.5,4.0,4.2,4.41,30,2,$20M,4,9,$180M,$83.6M,$180M,$266666.7,$15M,15,Large,High,Tight,High,Strong
Quilter,12,2025,$25000000.0,$40000000.0,$3000000.0,$50000000.0,2019,4.8,4.6,4.3,4.0,4.4,4.1,4.5,4.41,10,8,$3M,4,9,$27M,$80M,$80M,$250000.0,$2.4M,2,Medium,High,Critical,Low,Strong
Campfire,25,2021,$35000000.0,$35000000.0,$3800000.0,$44000000.0,2018,4.7,4.5,4.6,4.2,3.9,3.9,4.2,4.38,10,2,$3.8M,4,9,$34.2M,$70M,$70M,$152000.0,$5M,5,Medium,High,Critical,Moderate,Strong
Backflip AI,10,2024,$30000000.0,$30000000.0,$5000000.0,$50000000.0,2022,4.4,4.6,4.3,4.0,4.8,4.1,4.4,4.37,20,4,$5M,4,9,$45M,$60M,$60M,$500000.0,$2M,2,Medium,High,Critical,Low,Strong
Threedy,32,2024,$6200000.0,$6200000.0,$5000000.0,$50000000.0,2020,4.5,4.2,4.5,4.2,4.2,4.3,4.3,4.34,20,8,$5M,4,9,$45M,$12.4M,$45M,$156250.0,$6.4M,6,Medium,High,High Risk,Moderate,Strong
ChipAgents,20,2025,$21000000.0,$25000000.0,$1000000.0,$20000000.0,2024,4.6,4.6,4.6,4.4,3.0,4.1,4.0,4.33,10,2,$1M,4,9,$9M,$50M,$50M,$50000.0,$4M,4,Medium,High,Critical,Moderate,Strong
Cognitive Design by CDS,30,2025,$2347800.0,$2300000.0,$3000000.0,$50000000.0,2018,4.2,4.3,4.6,4.1,4.5,4.2,4.2,4.32,10,2,$3M,4,9,$27M,$4.6M,$27M,$100000.0,$6M,6,Medium,High,High Risk,Moderate,Strong
Sloyd,20,2021,$3521700.0,$7000000.0,$1000000.0,$20000000.0,2021,4.3,4.4,4.3,4.4,4.1,4.2,4.2,4.30,10,2,$1M,4,9,$9M,$14M,$14M,$50000.0,$4M,4,Medium,High,Critical,Moderate,Strong
CustoMED,25,2025,$3500000.0,$6000000.0,$1000000.0,$15000000.0,2023,4.4,4.3,4.6,4.4,4.2,3.4,4.1,4.29,10,2,$1M,4,9,$9M,$12M,$12M,$40000.0,$5M,5,Small,High,Critical,Moderate,Strong
Compute Maritime,12,2024,$0.0,$1500000.0,$1000000.0,$7000000.0,2024,4.2,4.4,4.4,4.1,4.2,4.3,4.4,4.29,10,2,$1M,4,9,$9M,$3M,$9M,$83333.3,$2.4M,2,Small,High,Critical,Low,Strong
Encube,20,2025,$23000000.0,$23000000.0,$7000000.0,$150000000.0,2021,4.2,4.5,4.3,4.2,4.1,4.1,4.2,4.26,20,2,$7M,4,9,$63M,$46M,$63M,$350000.0,$4M,4,Large,High,Critical,Moderate,Strong
CADDi,600,2025,$38000000.0,$202000000.0,$0.0,$350000000.0,2017,4.5,4.2,4.4,3.6,4.2,4.3,4.2,4.22,5,2,$0M,4,9,$0.0M,$404M,$404M,$0.0,$120M,120,Large,Medium,Very Strong,Very High,Strong
Hyperganic,100,2021,$7800000.0,$20000000.0,$10000000.0,$50000000.0,2015,4.8,3.7,4.2,3.9,4.1,4.5,4.3,4.20,30,2,$10M,4,9,$90M,$40M,$90M,$100000.0,$20M,20,Medium,High,Healthy,Very High,Strong
InfinitForm,12,2025,$12300000.0,$12700000.0,$3000000.0,$50000000.0,2022,4.3,4.2,4.3,4.3,3.5,4.2,4.1,4.18,10,4,$3M,4,9,$27M,$25.4M,$27M,$250000.0,$2.4M,2,Medium,High,Critical,Low,Strong
Adam,15,2025,$4100000.0,$4100000.0,$10000000.0,$50000000.0,2023,4.3,4.2,4.4,4.3,4.2,3.3,4.1,4.18,30,2,$10M,4,9,$90M,$8.2M,$90M,$666666.7,$3M,3,Medium,High,Critical,Moderate,Strong
3D Foundry Labs,10,2022,$1500000.0,$2500000.0,$1000000.0,$10000000.0,2022,4.1,4.0,4.5,4.2,4.0,4.2,4.0,4.17,10,2,$1M,4,9,$9M,$5M,$9M,$100000.0,$2M,2,Small,High,Critical,Low,Strong
MecAgent,5,2025,$3000000.0,$3000000.0,$1000000.0,$10000000.0,2025,4.2,4.0,4.5,4.0,4.0,4.3,3.9,4.17,10,4,$1M,4,9,$9M,$6M,$9M,$200000.0,$1M,1,Small,High,Critical,Low,Strong
MorphoAI,50,2024,$120000.0,$3000000.0,$3000000.0,$60000000.0,2021,4.2,4.1,4.6,4.1,3.0,4.2,4.1,4.12,10,4,$3M,4,9,$27M,$6M,$27M,$60000.0,$10M,10,Medium,High,High Risk,High,Strong
Physna,120,2021,$56000000.0,$86000000.0,$0.0,$0.0,2015,4.4,4.0,4.4,3.6,3.8,4.2,4.1,4.11,5,2,$0M,4,9,$0.0M,$172M,$172M,$0.0,$24M,24,Medium,Medium,Comfortable,Very High,Strong
TETMET,25,2024,$1.2,$6.0,$1000000.0,$10000000.0,2018,4.2,4.1,4.2,4.0,3.9,4.1,4.0,4.10,10,2,$1M,4,9,$9M,$0M,$9M,$40000.0,$5M,5,Small,High,Critical,Moderate,Strong
Vendra,2,2025,$0.0,$8900000.0,$1000000.0,$5000000.0,2025,4.8,4.5,3.8,3.9,3.0,4.0,4.0,4.10,10,4,$1M,4,9,$9M,$17.8M,$17.8M,$500000.0,$0.4M,0,Small,High,Critical,Very Low,Strong
Leo AI,12,2025,$9700000.0,$9700000.0,$3000000.0,$45000000.0,2023,4.1,4.0,4.2,4.0,4.0,4.2,4.0,4.08,10,2,$3M,4,9,$27M,$19.4M,$27M,$250000.0,$2.4M,2,Medium,High,Critical,Low,Strong
Spherene,11,2021,$0.0,$0.0,$1000000.0,$10000000.0,2018,4.4,3.9,4.2,4.2,3.8,3.8,3.8,4.08,10,2,$1M,4,9,$9M,$0M,$9M,$90909.1,$2.2M,2,Small,Medium,Critical,Low,Medium
CADEXSOFT,55,2014,$0.0,$0.0,$0.0,$0.0,2014,4.0,4.1,4.2,4.3,3.7,4.0,4.1,4.08,5,2,$0M,4,9,$0.0M,$0M,$0M,$0.0,$11M,11,Small,Low,High Risk,High,Medium
CLO Virtual Fashion,250,2024,$34030000.0,$46000000.0,$26500000.0,$800000000.0,2009,4.3,4.0,3.7,4.2,4.0,4.3,4.1,4.07,30,2,$26.5M,4,9,$238.5M,$92M,$238.5M,$106000.0,$50M,50,Large,High,Very Strong,Very High,Strong
Bench,5,2025,$1400000.0,$1400000.0,$220000.0,$15000000.0,2024,4.5,4.2,3.7,4.0,3.8,4.2,3.5,4.06,5,4,$0.2M,4,9,$2M,$2.8M,$2.8M,$44000.0,$1M,1,Small,High,Critical,Low,Strong
Womp,22,2022,$2500000.0,$2500000.0,$1000000.0,$10000000.0,2021,4.2,3.9,4.5,4.2,3.6,3.6,3.8,4.06,10,2,$1M,4,9,$9M,$5M,$9M,$45454.5,$4.4M,4,Small,High,Critical,Moderate,Strong
Bananaz,40,2024,$5300000.0,$5300000.0,$2000000.0,$20000000.0,2023,4.2,4.7,3.9,4.0,3.3,3.9,3.5,4.06,10,2,$2M,4,9,$18M,$10.6M,$18M,$50000.0,$8M,8,Medium,High,High Risk,High,Strong
P-1 AI,5,2025,$23000000.0,$23000000.0,$0.0,$0.0,2026,4.4,4.0,4.3,3.6,3.6,4.2,3.9,4.06,5,2,$0M,4,9,$0.0M,$46M,$46M,$0.0,$1M,1,Medium,Medium,Critical,Low,Strong
VNTANA,45,2021,$12500000.0,$18700000.0,$5000000.0,$50000000.0,2012,3.7,4.3,4.0,4.0,4.0,4.0,4.5,4.03,20,2,$5M,4,9,$45M,$37.4M,$45M,$111111.1,$9M,9,Medium,High,High Risk,High,Strong
Vizcom,35,2023,$5000000.0,$5000000.0,$1000000.0,$20000000.0,2021,4.1,3.7,4.3,4.0,4.2,3.9,3.8,4.02,10,2,$1M,4,9,$9M,$10M,$10M,$28571.4,$7M,7,Medium,High,High Risk,Moderate,Strong
Vectary,44,2023,$7300000.0,$10000000.0,$6000000.0,$50000000.0,2014,4.5,3.8,3.5,4.3,4.0,4.3,3.5,4.01,20,2,$6M,4,9,$54M,$20M,$54M,$136363.6,$8.8M,9,Medium,High,High Risk,High,Strong
Spectral Labs,8,2022,$23000000.0,$30000000.0,$1000000.0,$30000000.0,2024,4.4,3.3,4.1,4.0,4.2,3.7,4.5,3.98,10,4,$1M,4,7,$7M,$60M,$60M,$125000.0,$1.6M,2,Medium,High,Critical,Low,Strong
Kyrall,4,2025,$0.0,$0.0,$1000000.0,$5000000.0,2025,3.8,3.9,4.3,4.0,3.8,4.0,3.8,3.97,10,2,$1M,4,7,$7M,$0M,$7M,$250000.0,$0.8M,1,Small,Medium,Critical,Very Low,Medium
COSMON,20,2025,$0.0,$0.0,$2000000.0,$30000000.0,2024,4.2,4.3,4.3,3.2,3.4,4.0,3.7,3.97,10,2,$2M,4,7,$14M,$0M,$14M,$100000.0,$4M,4,Medium,Medium,Critical,Moderate,Medium
Sheetbuild,8,2023,$0.0,$0.0,$1000000.0,$20000000.0,2022,4.0,3.8,4.2,4.2,3.6,3.8,3.8,3.96,10,2,$1M,4,7,$7M,$0M,$7M,$125000.0,$1.6M,2,Medium,Medium,Critical,Low,Medium
Arena,190,2025,$30000000.0,$62000000.0,$0.0,$0.0,2019,4.3,3.8,4.4,3.3,3.4,4.1,3.9,3.94,5,2,$0M,4,7,$0.0M,$124M,$124M,$0.0,$38M,38,Medium,Medium,Comfortable,Very High,Strong
Gradient Control,18,2023,$2000000.0,$2000000.0,$1000000.0,$10000000.0,2022,4.0,3.6,4.4,4.3,3.1,3.7,3.6,3.91,10,4,$1M,4,7,$7M,$4M,$7M,$55555.6,$3.6M,4,Small,High,Critical,Moderate,Strong
aPriori,500,2021,$30000000.0,$109000000.0,$25000000.0,$300000000.0,2003,4.3,4.0,4.1,3.2,3.6,4.0,3.9,3.91,30,2,$25M,4,7,$175M,$218M,$218M,$50000.0,$100M,100,Large,High,Very Strong,Very High,Strong
Drafter,6,2025,$2700000.0,$2700000.0,$1000000.0,$7000000.0,2023,4.5,4.2,3.7,3.5,3.8,3.4,3.5,3.90,10,2,$1M,4,7,$7M,$5.4M,$7M,$166666.7,$1.2M,1,Small,High,Critical,Low,Strong
DraftAid,12,2024,$500000.0,$2000000.0,$20000000.0,$15000000.0,2023,4.4,3.5,4.0,3.9,3.8,3.7,3.5,3.89,30,2,$20M,4,7,$140M,$4M,$140M,$1666666.7,$2.4M,2,Small,High,Critical,Low,Strong
Tandem AI,10,2024,$22000000.0,$57000000.0,$7000000.0,$100000000.0,2023,4.3,3.9,4.2,3.8,3.0,3.5,3.7,3.89,20,2,$7M,4,7,$49M,$114M,$114M,$700000.0,$2M,2,Large,High,Critical,Low,Strong
Plasticity,12,2023,$0.0,$0.0,$5000000.0,$100000000.0,2019,3.9,3.5,4.2,4.0,3.8,3.8,3.9,3.88,20,2,$5M,4,7,$35M,$0M,$35M,$416666.7,$2.4M,2,Large,Medium,Critical,Low,Medium
Common Sense Machines,33,2023,$5.3,$10100000.0,$5000000.0,$70000000.0,2018,4.4,3.5,3.7,3.9,3.9,3.9,3.8,3.88,20,2,$5M,4,7,$35M,$20.2M,$35M,$151515.2,$6.6M,7,Medium,High,High Risk,Moderate,Strong
Avathon,20,2024,$1000000.0,$1000000.0,$300000.0,$8000000.0,2024,4.1,3.7,4.0,3.9,3.6,3.8,3.9,3.88,5,2,$0.3M,4,7,$2.1M,$2M,$2.1M,$15000.0,$4M,4,Small,High,Critical,Moderate,Strong
CadAICo,9,2024,$0.0,$1000000.0,$3000000.0,$5000000.0,2022,4.5,3.6,3.7,4.0,3.6,3.7,3.5,3.87,10,2,$3M,4,7,$21M,$2M,$21M,$333333.3,$1.8M,2,Small,High,Critical,Low,Strong
Infinitive (formerly CAE Tech),25,2024,$0.0,$0.0,$3000000.0,$35000000.0,2021,3.9,4.2,3.7,4.1,3.6,3.7,3.3,3.87,10,8,$3M,4,7,$21M,$0M,$21M,$120000.0,$5M,5,Medium,Medium,Critical,Moderate,Medium
RD8,35,2021,$0.0,$0.0,$0.0,$5000000.0,2021,3.5,4.0,4.5,3.5,4.0,3.5,3.7,3.86,5,8,$0M,4,7,$0M,$0M,$0M,$0.0,$7M,7,Small,Medium,High Risk,Moderate,Medium
Reynko,12,2023,$800000.0,$900000.0,$1000000.0,$20000000.0,2023,3.9,3.7,4.5,3.0,3.6,3.9,3.9,3.82,10,2,$1M,4,7,$7M,$1.8M,$7M,$83333.3,$2.4M,2,Medium,High,Critical,Low,Strong
Leopoly,32,2024,$200000.0,$200000.0,$4000000.0,$40000000.0,2015,4.4,4.4,3.3,3.0,3.8,3.6,3.8,3.80,10,2,$4M,4,7,$28M,$0.4M,$28M,$125000.0,$6.4M,6,Medium,High,High Risk,Moderate,Strong
Donut Labs,40,2023,$15000000.0,$15000000.0,$1000000.0,$10000000.0,2017,4.0,3.8,4.2,3.2,3.6,3.8,3.5,3.80,10,2,$1M,4,7,$7M,$30M,$30M,$25000.0,$8M,8,Small,High,High Risk,High,Strong
Hestus,6,2025,$1500000.0,$1500000.0,$2000000.0,$50000000.0,2022,4.5,3.3,3.5,4.0,3.7,3.8,3.5,3.79,10,2,$2M,4,7,$14M,$3M,$14M,$333333.3,$1.2M,1,Medium,High,Critical,Low,Strong
Monumo,35,2024,$14160000.0,$14160000.0,$0.0,$0.0,2021,4.1,3.7,4.1,3.4,3.2,3.9,3.7,3.79,5,2,$0M,4,7,$0.0M,$28.3M,$28.3M,$0.0,$7M,7,Small,Medium,High Risk,Moderate,Strong
C-Infinity,21,2024,$4000000.0,$4000000.0,$1000000.0,$5000000.0,2022,4.3,4.1,3.7,3.0,3.5,3.6,4.0,3.78,10,2,$1M,4,7,$7M,$8M,$8M,$47619.0,$4.2M,4,Small,High,Critical,Moderate,Strong
Five Flute,8,2022,$1200000.0,$1200000.0,$1000000.0,$5000000.0,2023,3.9,3.7,3.7,3.9,3.7,3.8,3.3,3.76,10,2,$1M,4,7,$7M,$2.4M,$7M,$125000.0,$1.6M,2,Small,High,Critical,Low,Strong
camfer,6,2024,$4800000.0,$4800000.0,$1000000.0,$20000000.0,2024,4.0,4.1,3.5,4.0,3.0,3.7,3.2,3.75,10,2,$1M,4,7,$7M,$9.6M,$9.6M,$166666.7,$1.2M,1,Medium,High,Critical,Low,Strong
Vertex,25,2021,$0.0,$0.0,$7000000.0,$38000000.0,2018,3.8,4.1,3.4,4.0,3.4,3.6,3.7,3.75,20,2,$7M,4,7,$49M,$0M,$49M,$280000.0,$5M,5,Medium,Medium,Critical,Moderate,Medium
Zephyra,6,2024,$200000.0,$200000.0,$0.0,$0.0,2025,3.8,3.4,4.2,4.0,3.1,3.7,3.4,3.73,5,2,$0M,4,7,$0.0M,$0.4M,$0.4M,$0.0,$1.2M,1,Small,Medium,Critical,Low,Strong
Novineer,6,2023,$275000.0,$500.0,$3000000.0,$30000000.0,2024,3.9,3.5,4.1,3.5,3.0,3.7,4.5,3.72,10,2,$3M,4,7,$21M,$0M,$21M,$500000.0,$1.2M,1,Medium,High,Critical,Low,Strong
SourcePilot,6,2024,$0.0,$0.0,$0.0,$0.0,2024,4.2,3.5,4.0,3.4,3.2,3.7,3.5,3.72,5,2,$0M,4,7,$0.0M,$0M,$0M,$0.0,$1.2M,1,Small,Low,Critical,Low,Medium
Generative Vision,10,2024,$4695600.0,$4700000.0,$1000000.0,$5000000.0,2021,3.3,3.7,3.5,4.3,3.8,4.0,3.5,3.70,10,4,$1M,4,7,$7M,$9.4M,$9.4M,$100000.0,$2M,2,Small,High,Critical,Low,Strong
NexCAD,5,2025,$50000.0,$50000.0,$1000000.0,$10000000.0,2025,3.8,3.2,4.1,4.1,3.0,3.8,3.8,3.70,10,2,$1M,4,7,$7M,$0.1M,$7M,$200000.0,$1M,1,Small,High,Critical,Low,Strong
Open Orion,10,2023,$0.0,$1200000.0,$2000000.0,$30000000.0,2021,4.2,3.9,3.5,4.0,3.0,3.0,3.2,3.68,10,2,$2M,4,7,$14M,$2.4M,$14M,$200000.0,$2M,2,Medium,High,Critical,Low,Strong
Taiyaki,10,2025,$0.0,$0.0,$2000000.0,$50000000.0,2024,4.2,3.7,3.2,3.9,3.4,3.6,3.5,3.68,10,4,$2M,4,7,$14M,$0M,$14M,$200000.0,$2M,2,Medium,Medium,Critical,Low,Medium
Raven,4,2024,$0.0,$0.0,$600000.0,$4000000.0,2024,3.8,3.4,3.9,3.7,3.6,3.6,3.6,3.68,5,2,$0.6M,4,7,$4.2M,$0M,$4.2M,$150000.0,$0.8M,1,Small,Medium,Critical,Very Low,Medium
nVariate,6,2020,$0.0,$500000.0,$2000000.0,$60000000.0,2022,2.5,3.9,4.2,4.1,3.5,4.0,3.7,3.67,10,2,$2M,4,7,$14M,$1M,$14M,$333333.3,$1.2M,1,Medium,High,Critical,Low,Strong
Zea,24,2019,$2000000.0,$2000000.0,$0.0,$150000000.0,2019,4.2,3.9,3.7,3.0,3.0,3.7,3.5,3.66,5,2,$0M,4,7,$0.0M,$4M,$4M,$0.0,$4.8M,5,Large,Medium,Critical,Moderate,Strong
Makistry,8,2025,$0.0,$0.0,$1000000.0,$5000000.0,2025,3.8,3.5,4.1,3.8,2.9,3.5,3.2,3.65,10,2,$1M,4,7,$7M,$0M,$7M,$125000.0,$1.6M,2,Small,Medium,Critical,Low,Medium
Noah,1,2026,$0.0,$0.0,$0.0,$0.0,2025,3.9,3.2,4.1,3.8,3.0,3.7,3.4,3.65,5,2,$0M,4,7,$0.0M,$0M,$0M,$0.0,$0.2M,0,Small,Low,Critical,Very Low,Medium
Silimate,5,2023,$0.0,$0.0,$1000000.0,$10000000.0,2023,4.0,3.5,4.1,3.0,2.8,4.0,3.9,3.64,10,2,$1M,4,7,$7M,$0M,$7M,$200000.0,$1M,1,Small,Medium,Critical,Low,Medium
H3D,18,2023,$3800000.0,$3800000.0,$0.0,$0.0,2022,3.8,3.5,4.1,3.2,3.1,3.6,3.5,3.60,5,2,$0M,4,7,$0.0M,$7.6M,$7.6M,$0.0,$3.6M,4,Small,Medium,Critical,Moderate,Strong
Optellix,20,2025,$0.0,$0.0,$200000.0,$0.0,2019,3.6,3.5,3.7,3.8,3.4,3.5,3.3,3.59,5,2,$0.2M,4,7,$1.4M,$0M,$1.4M,$10000.0,$4M,4,Small,Medium,Critical,Moderate,Medium
Quaoar Studio,8,2025,$0.0,,$0.0,,2021,3.3,4.0,4.2,3.5,2.6,3.3,3.4,3.59,5,2,$0M,3,7,$0.0M,$0M,$0M,$0.0,$1.6M,2,Small,Low,Critical,Low,Medium
Orthogonal,12,2024,$0.0,$0.0,$1000000.0,$4000000.0,2023,3.5,4.0,3.8,3.0,3.0,3.9,3.5,3.58,10,2,$1M,4,7,$7M,$0M,$7M,$83333.3,$2.4M,2,Small,Medium,Critical,Low,Medium
PrimusAI,5,2023,$0.0,$0.0,$1000000.0,$10000000.0,2023,3.8,3.2,4.0,3.3,3.0,3.7,3.8,3.56,10,2,$1M,3,7,$7M,$0M,$7M,$200000.0,$1M,1,Small,Medium,Critical,Low,Medium
Nureo AG,6,2025,$0.0,$0.0,$0.0,$0.0,2025,3.9,3.3,4.0,3.2,3.0,3.6,3.3,3.55,5,2,$0M,4,7,$0.0M,$0M,$0M,$0.0,$1.2M,1,Small,Low,Critical,Low,Medium
xNilio,7,2024,$0.0,$2100000.0,$1000000.0,$5.0,2024,3.0,3.7,3.7,3.5,3.6,4.0,3.5,3.54,10,2,$1M,4,7,$7M,$4.2M,$7M,$142857.1,$1.4M,1,Small,High,Critical,Low,Strong
Silsync,6,2022,$0.0,$700000.0,$0.0,$12000000.0,2024,3.0,3.8,3.7,3.9,3.0,3.5,3.5,3.51,5,2,$0M,3,7,$0.0M,$1.4M,$1.4M,$0.0,$1.2M,1,Small,Medium,Critical,Low,Strong
CAD as Code,8,2024,$6500000.0,$6500000.0,$0.0,$0.0,2024,4.0,3.1,4.1,3.0,2.8,3.6,3.4,3.50,5,2,$0M,3,7,$0.0M,$13M,$13M,$0.0,$1.6M,2,Small,Medium,Critical,Low,Strong
Rev1,2,2026,$500000.0,$500000.0,$0.0,$0.0,2026,4.0,4.0,3.5,3.5,2.0,3.5,2.5,3.50,5,2,$0M,3,7,$0.0M,$1M,$1M,$0.0,$0.4M,0,Small,Medium,Critical,Very Low,Strong
Cadify.ai,8,2022,$0.0,$0.0,$1000000.0,$2000000.0,2025,3.4,3.8,3.3,3.6,3.4,3.4,3.5,3.49,10,2,$1M,3,5,$5M,$0M,$5M,$125000.0,$1.6M,2,Small,Medium,Critical,Low,Medium
Redo.pro,10,2024,$1500000.0,$1500000.0,$0.0,$0.0,2024,4.1,3.0,4.0,3.0,2.8,3.6,3.4,3.48,5,2,$0M,3,5,$0.0M,$3M,$3M,$0.0,$2M,2,Small,Medium,Critical,Low,Strong
Artura3D,10,2022,$0.0,$0.0,$0.0,$0.0,2022,3.5,3.3,3.6,3.3,3.1,3.3,3.2,3.38,5,2,$0M,3,5,$0.0M,$0M,$0M,$0.0,$2M,2,Small,Low,Critical,Low,Medium
nuvo3D,8,2025,$0.0,$0.0,$0.0,$0.0,2025,3.6,3.0,3.7,3.2,2.7,3.3,3.1,3.30,5,2,$0M,3,5,$0.0M,$0M,$0M,$0.0,$1.6M,2,Small,Low,Critical,Low,Medium
Flyingshapes Gmbh,11,2019,$0.0,$0.0,$0.0,$0.0,2018,4.3,3.5,3.5,3.0,1.0,3.0,3.5,3.29,5,2,$0M,3,5,$0.0M,$0M,$0M,$0.0,$2.2M,2,Small,Low,Critical,Low,Medium
Zoo,35,2023,$5000000.0,$25000000.0,$5000000.0,$100000000.0,2022,1.2,3.2,4.3,4.0,3.0,3.5,4.5,3.22,20,2,$5M,3,5,$25M,$50M,$50M,$142857.1,$7M,7,Large,High,High Risk,Moderate,Strong
Morphorm,6,2025,$0.0,$1000000.0,$3000000.0,$60000000.0,2020,0.0,3.6,3.7,3.7,3.2,3.5,4.5,2.91,10,2,$3M,3,4,$12M,$2M,$12M,$500000.0,$1.2M,1,Medium,High,Critical,Low,Strong
Hanomi AI,10,2025,$3000000.0,$3000000.0,$1000000.0,$5000000.0,2024,4.9,3.7,0.0,3.9,3.8,0.0,3.8,2.88,10,2,$1M,3,4,$4M,$6M,$6M,$100000.0,$2M,2,Small,High,Critical,Low,Strong
Poelis,5,2025,$100000.0,$100000.0,$1000000.0,$5000000.0,2025,2.0,3.2,3.0,3.0,3.0,3.0,3.8,2.88,10,2,$1M,3,4,$4M,$0.2M,$4M,$200000.0,$1M,1,Small,High,Critical,Low,Strong
PhysicsX,352,2025,$135000000.0,$170000000.0,$50000000.0,$1000000000.0,2020,4.2,4.8,4.7,5.0,4.4,4.4,4.4,4.60,30,8,$50M,5,12,$600M,$340M,$600M,$142045.5,$70.4M,70,Large,High,Very Strong,Very High,Strong
Neural Concept,100,2025,$100000000.0,$138000000.0,$10000000.0,$1000000000.0,2018,4.4,4.5,4.5,5.0,4.6,4.7,4.6,4.59,30,2,$10M,5,12,$120M,$276M,$276M,$100000.0,$20M,20,Large,High,Healthy,Very High,Strong
BQP,30,2025,$5000000.0,$8500000.0,$1000000.0,$28000000.0,2020,5.0,4.2,4.2,4.9,4.2,4.3,4.3,4.48,10,4,$1M,4,9,$9M,$17M,$17M,$33333.3,$6M,6,Medium,High,High Risk,Moderate,Strong
Rescale,350,2025,$115000000.0,$260000000.0,$45000000.0,$1100000000.0,2011,4.7,4.5,4.2,3.9,4.5,4.4,4.3,4.37,30,2,$45M,4,9,$405M,$520M,$520M,$128571.4,$70M,70,Large,High,Very Strong,Very High,Strong
Synera,38,2022,$17231800.0,$17200000.0,$10000000.0,$200000000.0,2018,4.4,4.3,4.3,4.4,4.4,4.6,3.8,4.35,30,2,$10M,4,9,$90M,$34.4M,$90M,$263157.9,$7.6M,8,Large,High,High Risk,Moderate,Strong
Luminary Cloud,55,2025,$72000000.0,$187000000.0,$7000000.0,$600000000.0,2020,4.8,4.8,4.0,4.5,3.8,3.8,4.0,4.35,20,2,$7M,4,9,$63M,$374M,$374M,$127272.7,$11M,11,Large,High,High Risk,High,Strong
Flexcompute,75,2021,$53000000.0,$81000000.0,$15000000.0,$150000000.0,2018,4.5,4.5,4.4,4.2,4.0,4.0,4.5,4.34,30,2,$15M,4,9,$135M,$162M,$162M,$200000.0,$15M,15,Large,High,Tight,High,Strong
Dynisma,125,2025,$0.0,$9.0,$15400000.0,$300000000.0,2017,4.5,4.7,4.5,3.0,4.5,4.7,3.5,4.29,30,8,$15.4M,4,9,$138.6M,$0M,$138.6M,$123200.0,$25M,25,Large,High,Comfortable,Very High,Strong
SimScale,150,2021,$29710000.0,$77000000.0,$25200000.0,$500000000.0,2012,4.6,4.2,4.2,4.0,4.4,4.3,4.2,4.28,30,2,$25.2M,4,9,$226.8M,$154M,$226.8M,$168000.0,$30M,30,Large,High,Comfortable,Very High,Strong
Quanscient,40,2024,$6000000.0,$10000000.0,$2000000.0,$40000000.0,2021,4.4,4.4,4.2,4.0,4.2,4.1,4.3,4.25,10,2,$2M,4,9,$18M,$20M,$20M,$50000.0,$8M,8,Medium,High,High Risk,High,Strong
Secondmind,60,2023,$16000000.0,$55000000.0,$18000000.0,$200000000.0,2017,4.0,4.4,4.2,4.0,4.5,4.6,3.5,4.21,30,8,$18M,4,9,$162M,$110M,$162M,$300000.0,$12M,12,Large,High,Tight,High,Strong
CoreForm,25,2025,$0.0,$2300000.0,$0.0,$50000000.0,2014,4.4,4.3,4.2,3.9,4.2,3.7,4.0,4.16,5,2,$0M,4,9,$0.0M,$4.6M,$4.6M,$0.0,$5M,5,Medium,Medium,Critical,Moderate,Strong
Sedaro,22,2024,$300000.0,$5000000.0,$4000000.0,$30000000.0,2019,4.3,4.5,4.1,3.5,4.1,4.3,4.1,4.15,10,2,$4M,4,9,$36M,$10M,$36M,$181818.2,$4.4M,4,Medium,High,Critical,Moderate,Strong
DivergenceAI,2,2024,$0.0,$0.0,$0.0,$4000000.0,2024,4.2,4.4,4.3,4.3,3.7,3.6,3.8,4.15,5,2,$0M,4,9,$0.0M,$0M,$0M,$0.0,$0.4M,0,Small,Low,Critical,Very Low,Medium
BeyondMath,50,2024,$8500000.0,$8500000.0,$1000000.0,$20000000.0,2022,4.4,4.1,4.3,4.0,3.8,4.0,3.9,4.14,10,2,$1M,4,9,$9M,$17M,$17M,$20000.0,$10M,10,Medium,High,High Risk,High,Strong
Metafold 3D,15,2023,$1800000.0,$7000000.0,$515200.0,$18000000.0,2021,4.3,4.1,4.1,4.0,4.0,4.0,4.0,4.10,5,8,$0.5M,4,9,$4.6M,$14M,$14M,$34346.7,$3M,3,Small,High,Critical,Moderate,Strong
Leap71,2,2023,$0.1,$0.0,$1000000.0,$20000000.0,2023,4.1,4.3,4.1,4.0,3.6,4.2,4.1,4.09,10,2,$1M,4,9,$9M,$0M,$9M,$500000.0,$0.4M,0,Medium,Medium,Critical,Very Low,Medium
ToffeeX,30,2022,$6831500.0,$6800000.0,$2000000.0,$15000000.0,2021,4.4,3.7,4.2,3.9,4.2,4.1,4.1,4.08,10,2,$2M,4,9,$18M,$13.6M,$18M,$66666.7,$6M,6,Small,High,High Risk,Moderate,Strong
Dive CAE,20,2024,$10000000.0,$10000000.0,$10000000.0,$150000000.0,2022,4.3,4.1,4.0,3.8,3.9,4.3,4.0,4.07,30,2,$10M,4,9,$90M,$20M,$90M,$500000.0,$4M,4,Large,High,Critical,Moderate,Strong
NavierAI,15,2025,$5600000.0,$2000000.0,$1000000.0,$20000000.0,2023,4.4,4.3,4.2,3.5,3.8,3.8,4.0,4.06,10,2,$1M,4,9,$9M,$4M,$9M,$66666.7,$3M,3,Medium,High,Critical,Moderate,Strong
Simr (formerly UberCloud),150,2024,$20000000.0,$20000000.0,$0.0,$50000000.0,2013,4.4,4.0,4.3,3.6,3.6,4.2,4.1,4.06,5,2,$0M,4,9,$0.0M,$40M,$40M,$0.0,$30M,30,Medium,Medium,Comfortable,Very High,Strong
Mecado,10,2025,$0.0,$0.0,$1000000.0,$10000000.0,2023,4.3,3.9,4.7,3.3,3.2,4.0,4.1,4.00,10,2,$1M,4,9,$9M,$0M,$9M,$100000.0,$2M,2,Small,Medium,Critical,Low,Medium
Boltline,10,2021,$0.0,$0.0,$3000000.0,$50000000.0,2022,4.5,3.7,3.7,4.0,4.3,3.7,4.2,3.99,10,2,$3M,4,7,$21M,$0M,$21M,$300000.0,$2M,2,Medium,Medium,Critical,Low,Medium
Collimator,20,2020,$5000000.0,$5000000.0,$300000.0,$5000000.0,2020,4.4,4.1,3.7,4.0,3.5,3.9,3.7,3.97,5,4,$0.3M,4,7,$2.1M,$10M,$10M,$15000.0,$4M,4,Small,High,Critical,Moderate,Strong
Tensor9,12,2025,$4000000.0,$7000000.0,$0.0,$16000000.0,2022,4.4,3.9,3.7,4.0,4.0,3.5,4.2,3.96,5,2,$0M,4,7,$0.0M,$14M,$14M,$0.0,$2.4M,2,Small,Medium,Critical,Low,Strong
heatshape,8,2025,$250000.0,$250000.0,$120000.0,$10000000.0,2022,4.2,3.5,4.6,4.1,3.2,3.8,3.8,3.96,5,4,$0.1M,4,7,$0.8M,$0.5M,$0.8M,$15000.0,$1.6M,2,Small,High,Critical,Low,Strong
Voxshell,10,2024,$0.0,$700000.0,$1000000.0,$20000000.0,2022,4.3,3.3,4.5,3.9,3.6,3.8,4.2,3.95,10,2,$1M,4,7,$7M,$1.4M,$7M,$100000.0,$2M,2,Medium,High,Critical,Low,Strong
JuliaHub,111,2021,$24000000.0,$24000000.0,$0.0,$0.0,2015,4.2,4.1,4.0,3.4,3.8,4.0,3.9,3.94,5,2,$0M,4,7,$0.0M,$48M,$48M,$0.0,$22.2M,22,Medium,Medium,Healthy,Very High,Strong
"Nullspace, Inc",27,2025,$2500000.0,$500000.0,$2000000.0,$50000000.0,2023,4.8,4.2,4.3,4.0,0.0,4.4,4.5,3.93,10,2,$2M,3,7,$14M,$1M,$14M,$74074.1,$5.4M,5,Medium,High,Critical,Moderate,Strong
Key Ward,13,2024,$1173900.0,$1200000.0,$1000000.0,$20000000.0,2023,4.2,4.2,3.7,3.0,4.2,3.7,4.5,3.89,10,8,$1M,4,7,$7M,$2.4M,$7M,$76923.1,$2.6M,3,Medium,High,Critical,Low,Strong
Volcano Platform,15,2025,$5400000.0,$5400000.0,$6000000.0,$70000000.0,2023,3.9,4.1,3.8,3.9,3.7,3.7,3.7,3.87,20,2,$6M,4,7,$42M,$10.8M,$42M,$400000.0,$3M,3,Medium,High,Critical,Moderate,Strong
Realis Simulation,29,2022,$4000000.0,$4000000.0,$1000000.0,$10000000.0,2019,4.7,3.8,3.8,3.0,3.5,4.0,4.2,3.87,10,2,$1M,4,7,$7M,$8M,$8M,$34482.8,$5.8M,6,Small,High,Critical,Moderate,Strong
Pasteur Labs & ISI,40,2025,$0.0,$0.0,$0.0,$0.0,2021,4.2,3.7,4.3,3.3,3.4,4.0,3.7,3.86,5,2,$0M,4,7,$0.0M,$0M,$0M,$0.0,$8M,8,Small,Low,High Risk,High,Medium
Godela.ai,4,2025,$500000.0,$500000.0,$0.0,$0.0,2025,4.3,3.6,4.3,3.5,3.1,4.0,3.7,3.86,5,2,$0M,4,7,$0.0M,$1M,$1M,$0.0,$0.8M,1,Small,Medium,Critical,Very Low,Strong
Emmi AI,30,2025,$15000000.0,$17000000.0,$1500000.0,$15000000.0,2024,4.4,3.7,3.0,3.5,4.2,4.6,4.5,3.85,10,2,$1.5M,4,7,$10.5M,$34M,$34M,$50000.0,$6M,6,Small,High,High Risk,Moderate,Strong
Diabatix,35,2022,$2360000.0,$2360000.0,$0.0,$0.0,2016,4.0,3.7,4.2,3.6,3.3,3.8,3.7,3.82,5,2,$0M,4,7,$0.0M,$4.7M,$4.7M,$0.0,$7M,7,Small,Medium,High Risk,Moderate,Strong
MaterialsZone,20,2018,$6000000.0,$8000000.0,$4000000.0,$23000000.0,2018,3.9,4.0,3.5,3.9,3.5,3.8,4.2,3.81,10,2,$4M,4,7,$28M,$16M,$28M,$200000.0,$4M,4,Medium,High,Critical,Moderate,Strong
Polymerize,15,2022,$4500000.0,$5000000.0,$2000000.0,$30000000.0,2020,4.2,3.8,3.5,3.0,4.0,4.3,4.0,3.78,10,2,$2M,4,7,$14M,$10M,$14M,$133333.3,$3M,3,Medium,High,Critical,Moderate,Strong
Ballista Labs,10,2025,$0.0,$0.0,$1000000.0,$10000000.0,2024,3.9,3.6,4.1,3.7,3.4,3.8,3.8,3.78,10,2,$1M,4,7,$7M,$0M,$7M,$100000.0,$2M,2,Small,Medium,Critical,Low,Medium
Fainite AG,6,2025,$0.0,$0.0,$0.0,$0.0,2025,4.1,3.4,4.2,3.6,3.1,3.9,3.6,3.76,5,2,$0M,4,7,$0.0M,$0M,$0M,$0.0,$1.2M,1,Small,Low,Critical,Low,Medium
LatticeRobot,10,2023,$0.0,$2000000.0,$1000000.0,$20000000.0,2023,4.4,3.8,3.2,4.5,3.0,3.0,3.5,3.73,10,2,$1M,4,7,$7M,$4M,$7M,$100000.0,$2M,2,Medium,High,Critical,Low,Strong
Oorja,25,2023,$5000000.0,$5000000.0,$5000000.0,$60000000.0,2016,3.6,4.1,3.4,3.5,3.8,3.9,4.0,3.72,20,2,$5M,4,7,$35M,$10M,$35M,$200000.0,$5M,5,Medium,High,Critical,Moderate,Strong
Fainite AG,3,2025,$0.0,$200000.0,$0.0,$0.0,2025,4.1,3.4,4.2,3.3,3.0,3.8,3.4,3.68,5,2,$0M,4,7,$0.0M,$0.4M,$0.4M,$0.0,$0.6M,1,Small,Medium,Critical,Very Low,Strong
Airshaper,27,2017,$250000.0,$250000.0,$1000000.0,$20000000.0,2017,4.2,3.7,3.7,3.0,3.0,4.1,3.8,3.67,10,2,$1M,4,7,$7M,$0.5M,$7M,$37037.0,$5.4M,5,Medium,High,Critical,Moderate,Strong
Cenos:,35,2022,$0.0,$0.0,$0.0,$0.0,2017,3.7,3.6,3.8,3.4,3.2,3.6,3.5,3.59,5,2,$0M,4,7,$0.0M,$0M,$0M,$0.0,$7M,7,Small,Low,High Risk,Moderate,Medium
Eigen Space Design,6,2025,$0.0,$0.0,$0.0,$0.0,2025,3.8,3.3,4.1,3.0,3.1,3.6,3.4,3.53,5,2,$0M,4,7,$0.0M,$0M,$0M,$0.0,$1.2M,1,Small,Low,Critical,Low,Medium
ReynKo,35,2023,$0.0,$0.0,$0.0,$0.0,2022,4.1,3.2,3.9,3.0,2.8,3.7,3.4,3.51,5,2,$0M,3,7,$0.0M,$0M,$0M,$0.0,$7M,7,Small,Low,High Risk,Moderate,Medium
PlaSiV,10,2023,$0.0,$0.0,$0.0,$0.0,2021,3.6,3.4,4.0,3.2,3.0,3.4,3.3,3.49,5,2,$0M,3,5,$0.0M,$0M,$0M,$0.0,$2M,2,Small,Low,Critical,Low,Medium
Feather Solutions,8,2024,$0.0,$0.0,$1000000.0,$15000000.0,2022,3.8,3.6,4.0,3.0,2.4,3.2,3.5,3.47,10,2,$1M,3,5,$5M,$0M,$5M,$125000.0,$1.6M,2,Small,Medium,Critical,Low,Medium
Vento,35,2023,$0.0,$0.0,$0.0,$0.0,2016,3.7,3.3,3.8,3.2,3.0,3.5,3.3,3.46,5,2,$0M,3,5,$0.0M,$0M,$0M,$0.0,$7M,7,Small,Low,High Risk,Moderate,Medium
Vinci 4D,30,2025,$36000000.0,$46000000.0,$20000000.0,$1000000.0,2023,3.9,3.3,3.0,3.9,3.0,3.6,3.0,3.43,30,2,$20M,3,5,$100M,$92M,$100M,$666666.7,$6M,6,Medium,High,High Risk,Moderate,Strong
HorneSci,2,2026,$0.0,$0.0,$0.0,$10000000.0,2026,3.6,3.0,4.2,3.4,2.6,3.4,3.1,3.43,5,2,$0M,3,5,$0.0M,$0M,$0M,$0.0,$0.4M,0,Small,Low,Critical,Very Low,Medium
Intact Solutions,15,2025,$0.0,$1800000.0,$3000000.0,$70000000.0,2015,4.2,3.3,4.3,0.0,3.9,3.8,3.7,3.32,10,2,$3M,4,5,$15M,$3.6M,$15M,$200000.0,$3M,3,Medium,High,Critical,Moderate,Strong
FVMat,5,2023,$850000.0,$850000.0,$0.0,$0.0,2019,3.2,3.1,3.8,3.7,2.7,3.1,3.2,3.32,5,2,$0M,3,5,$0.0M,$1.7M,$1.7M,$0.0,$1M,1,Small,Medium,Critical,Low,Strong
Vsim,8,2024,$0.0,$24000000.0,$0.0,$0.0,2022,3.6,3.0,3.7,3.2,2.7,3.4,3.1,3.31,5,2,$0M,3,5,$0.0M,$48M,$48M,$0.0,$1.6M,2,Medium,Medium,Critical,Low,Strong
Phasio,8,2023,$2500000.0,$2200000.0,$1500000.0,$15000000.0,2022,3.8,3.7,3.7,3.0,3.5,0.0,3.5,3.22,10,2,$1.5M,3,5,$7.5M,$4.4M,$7.5M,$187500.0,$1.6M,2,Small,High,Critical,Low,Strong
KronosAI,10,2025,$0.0,$0.0,$1000000.0,$14000000.0,2023,0.0,4.1,4.6,3.5,3.6,3.7,3.8,3.18,10,4,$1M,3,5,$5M,$0M,$5M,$100000.0,$2M,2,Small,Medium,Critical,Low,Medium
CognaSIM,10,2024,$0.0,$0.0,$1000000.0,$15000000.0,2024,4.5,3.7,3.7,0.0,3.4,0.0,3.5,2.90,10,2,$1M,3,4,$4M,$0M,$4M,$100000.0,$2M,2,Small,Medium,Critical,Low,Medium
LimitlessCNC,20,2025,$4100000.0,$10000000.0,$1000000.0,$25000000.0,2024,5.0,4.5,4.6,4.5,5.0,4.7,4.5,4.69,10,4,$1M,5,12,$12M,$20M,$20M,$50000.0,$4M,4,Medium,High,Critical,Moderate,Strong
Lambda Function,15,2021,$1.0,$1300000.0,$2000000.0,$25000000.0,2020,4.6,4.8,4.2,4.8,3.8,4.5,4.2,4.48,10,2,$2M,4,9,$18M,$2.6M,$18M,$133333.3,$3M,3,Medium,High,Critical,Moderate,Strong
Alloyed,120,2025,$47000000.0,$99000000.0,$20000000.0,$250000000.0,2017,4.5,4.4,4.6,4.0,4.2,4.5,4.5,4.39,30,2,$20M,4,9,$180M,$198M,$198M,$166666.7,$24M,24,Large,High,Comfortable,Very High,Strong
Caracol,85,2024,$13000000.0,$25000000.0,$16000000.0,$80000000.0,2018,4.5,4.3,4.5,4.1,4.3,4.4,4.2,4.36,30,8,$16M,4,9,$144M,$50M,$144M,$188235.3,$17M,17,Medium,High,Tight,High,Strong
CloudNC,112,2022,$45000000.0,$72000000.0,$20000000.0,$500000000.0,2015,4.3,4.5,4.2,3.9,4.0,3.9,4.5,4.20,30,2,$20M,4,9,$180M,$144M,$180M,$178571.4,$22.4M,22,Large,High,Healthy,Very High,Strong
Toolpath,26,2025,$10000000.0,$10000000.0,$2000000.0,$20000000.0,2020,4.6,4.7,3.7,4.5,3.0,3.9,4.5,4.19,10,4,$2M,4,9,$18M,$20M,$20M,$76923.1,$5.2M,5,Medium,High,Critical,Moderate,Strong
DigitalCNC,10,2025,$300000.0,$300000.0,$1000000.0,$10000000.0,2025,4.3,4.0,4.2,3.8,4.2,4.5,4.5,4.17,10,4,$1M,4,9,$9M,$0.6M,$9M,$100000.0,$2M,2,Small,High,Critical,Low,Strong
Dyndrite,36,2024,$1.3,$14000000.0,$10000000.0,$150000000.0,2016,4.5,4.0,4.3,3.7,4.2,4.1,4.1,4.15,30,2,$10M,4,9,$90M,$28M,$90M,$277777.8,$7.2M,7,Large,High,High Risk,Moderate,Strong
Manukai,15,2025,$3000000.0,$4200000.0,$1000000.0,$15000000.0,2023,4.2,4.6,3.7,4.4,4.0,3.7,3.5,4.11,10,2,$1M,4,9,$9M,$8.4M,$9M,$66666.7,$3M,3,Small,High,Critical,Moderate,Strong
1000 Kelvin,14,2022,$3000000.0,$3000000.0,$3000000.0,$10000000.0,2021,4.5,3.7,4.2,4.0,4.0,4.1,4.1,4.10,10,2,$3M,4,9,$27M,$6M,$27M,$214285.7,$2.8M,3,Small,High,Critical,Low,Strong
trinckle 3D Gmbh,45,2022,$3300000.0,$3300000.0,$5000000.0,$35000000.0,2013,3.9,4.2,4.1,4.3,3.8,4.1,4.0,4.08,20,4,$5M,4,9,$45M,$6.6M,$45M,$111111.1,$9M,9,Medium,High,High Risk,High,Strong
STILFOLD,12,2024,$4000000.0,$5000000.0,$7000000.0,$40000000.0,2020,4.4,4.0,4.3,3.4,3.6,4.3,4.1,4.05,20,2,$7M,4,9,$63M,$10M,$63M,$583333.3,$2.4M,2,Medium,High,Critical,Low,Strong
Encycam,35,2024,$0.0,$0.0,$1000000.0,$10000000.0,2020,4.2,4.0,4.2,3.5,4.0,4.3,4.0,4.04,10,2,$1M,4,9,$9M,$0M,$9M,$28571.4,$7M,7,Small,Medium,High Risk,Moderate,Medium
Productive Machines,15,2025,$1300000.0,$3800000.0,$0.0,$12000000.0,2021,4.0,4.1,4.2,3.8,3.9,4.1,4.0,4.03,5,2,$0M,4,9,$0.0M,$7.6M,$7.6M,$0.0,$3M,3,Small,Medium,Critical,Moderate,Strong
Toolkit3D,50,2025,$0.0,$0.0,$1000000.0,$10000000.0,2019,4.1,4.1,4.3,3.5,3.8,4.1,4.1,4.02,10,4,$1M,4,9,$9M,$0M,$9M,$20000.0,$10M,10,Small,Medium,High Risk,High,Medium
up2parts GmbH,52,2019,$600000.0,$600000.0,$10000000.0,$150000000.0,2017,4.5,4.6,3.8,3.0,3.5,3.7,4.5,3.98,30,2,$10M,4,7,$70M,$1.2M,$70M,$192307.7,$10.4M,10,Large,High,High Risk,High,Strong
Generative Engineering,3,2023,$4683600.0,$4360000.0,$1000000.0,$25000000.0,2021,3.5,3.5,4.5,4.4,4.0,4.0,3.5,3.94,10,2,$1M,4,7,$7M,$8.7M,$8.7M,$333333.3,$0.6M,1,Medium,High,Critical,Very Low,Strong
SP3D,30,2025,$620000.0,$2000000.0,$9300000.0,$70000000.0,2018,4.4,3.7,4.0,3.0,4.1,4.3,4.3,3.93,20,2,$9.3M,4,7,$65.1M,$4M,$65.1M,$310000.0,$6M,6,Medium,High,High Risk,Moderate,Strong
QuotationFactory,12,2021,$1500000.0,$1500000.0,$1000000.0,$10000000.0,2018,4.1,4.0,3.9,3.8,3.7,4.0,3.6,3.92,10,2,$1M,4,7,$7M,$3M,$7M,$83333.3,$2.4M,2,Small,High,Critical,Low,Strong
SeekMake,10,2023,$539000.0,$1000000.0,$0.0,$25000000.0,2020,4.5,4.0,3.3,4.0,3.7,3.8,3.8,3.90,5,2,$0M,4,7,$0.0M,$2M,$2M,$0.0,$2M,2,Medium,Medium,Critical,Low,Strong
DigiFabster,34,2020,$0.0,$2300000.0,$5000000.0,$30000000.0,2015,4.2,4.4,3.4,3.5,3.9,3.7,3.5,3.86,20,4,$5M,4,7,$35M,$4.6M,$35M,$147058.8,$6.8M,7,Medium,High,High Risk,Moderate,Strong
ExLattice,25,2023,$20000.0,$370000.0,$2000000.0,$60000000.0,2020,3.9,4.2,4.0,3.0,3.8,3.8,3.5,3.81,10,2,$2M,4,7,$14M,$0.7M,$14M,$80000.0,$5M,5,Medium,High,Critical,Moderate,Strong
General Lattice,6,2021,$1000000.0,$1000000.0,$0.0,$0.0,2018,3.7,3.6,4.0,4.2,3.3,3.6,3.5,3.76,5,2,$0M,4,7,$0.0M,$2M,$2M,$0.0,$1.2M,1,Small,Medium,Critical,Low,Strong
F4 Industries,3,2024,$0.0,$0.0,$1000000.0,$10000000.0,2023,3.6,4.1,3.8,4.0,3.3,3.5,3.4,3.75,10,2,$1M,4,7,$7M,$0M,$7M,$333333.3,$0.6M,1,Small,Medium,Critical,Very Low,Medium
Axial Composites,2,2025,$500000.0,$500000.0,$5000000.0,$20000000.0,2025,3.7,3.4,4.0,4.1,3.6,3.2,3.6,3.70,20,8,$5M,4,7,$35M,$1M,$35M,$2500000.0,$0.4M,0,Medium,High,Critical,Very Low,Strong
Neuramill,3,2025,$0.0,$0.0,$1000000.0,$10000000.0,2025,3.8,3.2,4.0,4.2,3.4,3.6,3.5,3.70,10,8,$1M,4,7,$7M,$0M,$7M,$333333.3,$0.6M,1,Small,Medium,Critical,Very Low,Medium
SelectAM,6,2023,$100000.0,$100000.0,$0.0,$0.0,2020,3.7,3.4,3.6,4.2,3.2,3.5,3.3,3.61,5,2,$0M,4,7,$0.0M,$0.2M,$0.2M,$0.0,$1.2M,1,Small,Medium,Critical,Low,Strong
Matterize,10,2024,$0.0,$0.0,$0.0,$0.0,2024,3.8,3.3,3.8,3.6,3.1,3.7,3.4,3.57,5,2,$0M,4,7,$0.0M,$0M,$0M,$0.0,$2M,2,Small,Low,Critical,Low,Medium
Autodrop3D,6,2019,$500000.0,$500000.0,$250000.0,$10000000.0,2016,3.2,3.7,3.6,4.0,3.5,3.4,3.3,3.56,5,2,$0.3M,4,7,$1.8M,$1M,$1.8M,$41666.7,$1.2M,1,Small,High,Critical,Low,Strong
ABĒMIS llc,10,2021,$25000.0,$25000.0,$1000000.0,$10000000.0,2015,3.9,3.7,4.0,0.0,3.6,3.5,3.5,3.21,10,2,$1M,3,5,$5M,$0.1M,$5M,$100000.0,$2M,2,Small,High,Critical,Low,Strong
Instruct3D,10,2025,$0.0,$0.0,$0.0,$0.0,2024,3.8,4.2,2.0,1.5,3.5,3.8,3.7,3.14,5,2,$0M,3,5,$0.0M,$0M,$0M,$0.0,$2M,2,Small,Low,Critical,Low,Medium
V3D Printing,4,2025,$0.0,$0.0,$1000000.0,$10000000.0,2023,3.1,3.2,2.2,3.7,3.3,3.2,3.2,3.07,10,2,$1M,3,5,$5M,$0M,$5M,$250000.0,$0.8M,1,Small,Medium,Critical,Very Low,Medium
CoLab,70,2025,$72000000.0,$100000000.0,$31800000.0,$750000000.0,2017,4.7,4.7,4.8,4.0,4.3,4.7,3.8,4.53,30,2,$31.8M,5,12,$381.6M,$200M,$381.6M,$454285.7,$14M,14,Large,High,Tight,High,Strong
Uncountable,150,2025,$27000000.0,$33000000.0,$24000000.0,$120000000.0,2016,4.8,4.6,3.7,4.7,4.0,4.6,4.2,4.40,30,2,$24M,4,9,$216M,$66M,$216M,$160000.0,$30M,30,Large,High,Comfortable,Very High,Strong
Makersite Gmbh,170,2025,$64000000.0,$88000000.0,$20000000.0,$150000000.0,2018,4.4,4.5,4.3,4.0,4.4,4.6,4.7,4.38,30,2,$20M,4,9,$180M,$176M,$180M,$117647.1,$34M,34,Large,High,Comfortable,Very High,Strong
SysGit,8,2023,$4100000.0,$4700000.0,$2000000.0,$20000000.0,2019,4.8,4.3,4.2,4.2,3.8,4.4,4.2,4.32,10,2,$2M,4,9,$18M,$9.4M,$18M,$250000.0,$1.6M,2,Medium,High,Critical,Low,Strong
OpenBOM,25,2018,$4000000.0,$4000000.0,$5000000.0,$80000000.0,2015,4.7,4.2,4.5,4.5,3.7,3.8,4.0,4.31,20,2,$5M,4,9,$45M,$8M,$45M,$200000.0,$5M,5,Medium,High,Critical,Moderate,Strong
Elevating Patterns,8,2025,$0.8,$0.8,$1000000.0,$20000000.0,2023,4.6,4.8,4.7,3.5,3.6,4.1,3.7,4.30,10,2,$1M,4,9,$9M,$0M,$9M,$125000.0,$1.6M,2,Medium,High,Critical,Low,Strong
Flow Engineering,18,2025,$23000000.0,$32000000.0,$5000000.0,$50000000.0,2018,4.7,4.2,4.2,4.3,4.4,3.5,4.7,4.29,20,2,$5M,4,9,$45M,$64M,$64M,$277777.8,$3.6M,4,Medium,High,Critical,Moderate,Strong
explore,30,2023,$0.0,$0.0,$3500000.0,$10000000.0,2023,4.2,4.2,4.5,4.0,4.3,4.4,4.1,4.26,10,2,$3.5M,4,9,$31.5M,$0M,$31.5M,$116666.7,$6M,6,Small,Medium,High Risk,Moderate,Medium
EverCurrent,5,2025,$1000000.0,$1000000.0,$1000000.0,$10000000.0,2025,3.9,4.7,4.1,4.4,4.1,4.5,3.7,4.25,10,2,$1M,4,9,$9M,$2M,$9M,$200000.0,$1M,1,Small,High,Critical,Low,Strong
ARYA Labs,12,2024,$2500000.0,$2500000.0,$1000000.0,$12000000.0,2023,4.4,4.1,5.0,4.2,3.8,3.6,3.5,4.25,10,2,$1M,4,9,$9M,$5M,$9M,$83333.3,$2.4M,2,Small,High,Critical,Low,Strong
DGG - The 3D Pipeline Company,20,2023,$4695600.0,$4300000.0,$5000000.0,$40000000.0,2018,4.5,4.1,3.8,4.5,3.5,4.5,3.9,4.15,20,2,$5M,4,9,$45M,$8.6M,$45M,$250000.0,$4M,4,Medium,High,Critical,Moderate,Strong
Allspice.io,36,2025,$15000000.0,$25000000.0,$12000000.0,$150000000.0,2019,4.3,4.3,4.1,4.3,4.2,3.7,3.5,4.15,30,2,$12M,4,9,$108M,$50M,$108M,$333333.3,$7.2M,7,Large,High,High Risk,Moderate,Strong
Istari Digital,200,2025,$27100000.0,$55100000.0,$1000000.0,$10000000.0,2022,4.4,4.5,3.7,3.7,4.0,4.7,3.8,4.14,10,2,$1M,4,9,$9M,$110.2M,$110.2M,$5000.0,$40M,40,Medium,High,Comfortable,Very High,Strong
Bild,25,2025,$3000000.0,$3000000.0,$1000000.0,$10000000.0,2021,4.2,4.3,4.1,3.9,4.2,4.3,3.0,4.11,10,2,$1M,4,9,$9M,$6M,$9M,$40000.0,$5M,5,Small,High,Critical,Moderate,Strong
Trace.Space,15,2025,$4000000.0,$5500000.0,$2000000.0,$40000000.0,2022,4.2,4.2,3.7,4.3,3.9,4.5,4.1,4.11,10,8,$2M,4,9,$18M,$11M,$18M,$133333.3,$3M,3,Medium,High,Critical,Moderate,Strong
Carbonfact,25,2024,$15000000.0,$17000000.0,$0.0,$15000000.0,2021,4.3,4.0,4.0,3.7,4.1,4.6,4.5,4.11,5,2,$0M,4,9,$0.0M,$34M,$34M,$0.0,$5M,5,Small,Medium,Critical,Moderate,Strong
Dessia,35,2024,$3000000.0,$8500000.0,$3000000.0,$40000000.0,2017,4.5,4.5,3.7,4.0,3.9,3.7,4.0,4.10,10,2,$3M,4,9,$27M,$17M,$27M,$85714.3,$7M,7,Medium,High,High Risk,Moderate,Strong
SPREAD,120,2023,$16000000.0,$16000000.0,$10000000.0,$70000000.0,2019,4.5,4.0,4.0,4.0,4.0,4.0,3.8,4.09,30,2,$10M,4,9,$90M,$32M,$90M,$83333.3,$24M,24,Medium,High,Comfortable,Very High,Strong
Canvas Envision,13,2023,$9000000.0,$14000000.0,$2000000.0,$10000000.0,2016,4.4,4.3,3.5,4.4,4.4,3.7,3.5,4.09,10,2,$2M,4,9,$18M,$28M,$28M,$153846.2,$2.6M,3,Small,High,Critical,Low,Strong
CO2 AI,71,2023,$12000000.0,$12000000.0,$0.0,$0.0,2020,4.5,4.2,3.7,3.4,4.0,4.7,4.5,4.09,5,2,$0M,4,9,$0.0M,$24M,$24M,$0.0,$14.2M,14,Small,Medium,Tight,High,Strong
Propel Software,85,2021,$20000000.0,$46000000.0,$50000000.0,$450000000.0,2015,4.5,3.9,3.7,3.5,4.8,4.3,4.5,4.08,30,2,$50M,4,9,$450M,$92M,$450M,$588235.3,$17M,17,Large,High,Tight,High,Strong
CELUS,100,2022,$29590000.0,$25000000.0,$12000000.0,$150000000.0,2018,4.4,4.6,3.7,4.0,4.0,3.0,4.3,4.06,30,8,$12M,4,9,$108M,$50M,$108M,$120000.0,$20M,20,Large,High,Healthy,Very High,Strong
Cognyx,12,2024,$1700000.0,$1700000.0,$1000000.0,$10000000.0,2024,4.4,4.2,3.7,4.0,3.8,4.2,3.9,4.06,10,2,$1M,4,9,$9M,$3.4M,$9M,$83333.3,$2.4M,2,Small,High,Critical,Low,Strong
Cusp AI,23,2025,$100000000.0,$130000000.0,$7500000.0,$600000000.0,2023,4.7,3.2,4.2,3.5,4.2,4.5,4.5,4.04,20,2,$7.5M,4,9,$67.5M,$260M,$260M,$326087.0,$4.6M,5,Large,High,Critical,Moderate,Strong
AI Materia,50,2020,$30000.0,$0.0,$1000000.0,$10000000.0,2021,4.2,4.1,3.7,4.0,4.0,4.3,3.5,4.01,10,2,$1M,4,9,$9M,$0M,$9M,$20000.0,$10M,10,Small,Medium,High Risk,High,Medium
Cerebital (Nora IPLM),15,2022,$0.0,$0.0,$1000000.0,$10000000.0,2022,4.1,4.1,4.2,4.2,3.7,3.5,3.5,4.01,10,4,$1M,4,9,$9M,$0M,$9M,$66666.7,$3M,3,Small,Medium,Critical,Moderate,Medium
Sibe.io,25,2022,$0.0,$700000.0,$1000000.0,$10000000.0,2022,4.4,4.0,3.7,4.2,4.0,3.6,3.5,3.99,10,2,$1M,4,7,$7M,$1.4M,$7M,$40000.0,$5M,5,Small,High,Critical,Moderate,Strong
IntuitgenceAI,19,2025,$10000000.0,$10000000.0,$0.0,$0.0,2024,4.3,4.1,3.9,3.9,3.7,3.2,4.7,3.97,5,2,$0M,4,7,$0.0M,$20M,$20M,$0.0,$3.8M,4,Small,Medium,Critical,Moderate,Strong
Violet Labs,28,2022,$4000000.0,$4000000.0,$1000000.0,$10000000.0,2020,4.4,3.9,3.7,4.5,3.8,3.0,3.8,3.95,10,2,$1M,4,7,$7M,$8M,$8M,$35714.3,$5.6M,6,Small,High,Critical,Moderate,Strong
Foundation EGI,30,2025,$23000000.0,$23000000.0,$0.0,$0.0,2023,4.3,3.9,4.2,3.5,3.5,4.0,3.8,3.95,5,2,$0M,4,7,$0.0M,$46M,$46M,$0.0,$6M,6,Medium,Medium,High Risk,Moderate,Strong
"PRISM by Things, Inc.",20,2023,$2026406.4,$2000000.0,$2000000.0,$10000000.0,2019,4.0,4.2,3.8,3.9,3.9,3.6,3.8,3.93,10,2,$2M,4,7,$14M,$4M,$14M,$100000.0,$4M,4,Small,High,Critical,Moderate,Strong
Matrac,5,2025,$0.0,$0.0,$500000.0,$5000000.0,2024,4.0,3.5,4.0,4.0,3.9,4.3,3.5,3.90,5,2,$0.5M,4,7,$3.5M,$0M,$3.5M,$100000.0,$1M,1,Small,Medium,Critical,Low,Medium
Dalus,25,2025,$500000.0,$0.0,$3000000.0,$60000000.0,2024,4.4,4.5,4.6,4.1,0.0,4.0,3.5,3.89,10,4,$3M,3,7,$21M,$0M,$21M,$120000.0,$5M,5,Medium,Medium,Critical,Moderate,Medium
Guaeca,5,2025,$0.0,$1000000.0,$1000000.0,$5000000.0,2025,4.2,4.1,4.1,3.0,3.9,3.7,4.0,3.89,10,2,$1M,4,7,$7M,$2M,$7M,$200000.0,$1M,1,Small,High,Critical,Low,Strong
Raiqon,10,2023,$0.0,$0.0,$1000000.0,$10000000.0,2023,4.3,3.9,4.0,3.8,3.6,3.4,3.4,3.88,10,8,$1M,4,7,$7M,$0M,$7M,$100000.0,$2M,2,Small,Medium,Critical,Low,Medium
EltegraAI,40,2024,$0.0,$0.0,$0.0,$0.0,2024,4.0,3.5,4.1,4.4,3.2,3.8,3.7,3.87,5,2,$0M,4,7,$0.0M,$0M,$0M,$0.0,$8M,8,Small,Low,High Risk,High,Medium
VibeIQ,28,2024,$6300000.0,$6300000.0,$4400000.0,$35000000.0,2017,3.9,3.7,3.5,4.0,4.1,4.2,3.5,3.83,10,2,$4.4M,4,7,$30.8M,$12.6M,$30.8M,$157142.9,$5.6M,6,Medium,High,Critical,Moderate,Strong
BetterFutures,8,2025,$500000.0,$500000.0,$1000000.0,$20000000.0,2024,4.2,3.6,4.0,3.8,3.5,3.7,3.6,3.83,10,2,$1M,4,7,$7M,$1M,$7M,$125000.0,$1.6M,2,Medium,High,Critical,Low,Strong
Citrine Informatics,100,2023,$5000000.0,$78700000.0,$20000000.0,$200000000.0,2013,3.5,4.3,3.6,4.0,3.0,4.2,4.3,3.82,30,2,$20M,4,7,$140M,$157.4M,$157.4M,$200000.0,$20M,20,Large,High,Healthy,Very High,Strong
artifact.engineer,5,2025,$3.5,$3.5,$1000000.0,$10000000.0,2022,4.2,4.4,3.0,3.8,3.7,3.6,3.8,3.81,10,2,$1M,4,7,$7M,$0M,$7M,$200000.0,$1M,1,Small,High,Critical,Low,Strong
Uptool,8,2026,$6000000.0,$6000000.0,$0.0,$20000000.0,2022,4.4,4.0,3.7,3.0,3.8,3.6,3.7,3.80,5,2,$0M,4,7,$0.0M,$12M,$12M,$0.0,$1.6M,2,Medium,Medium,Critical,Low,Strong
Ausmosys,12,2024,$1500000.0,$1500000.0,$300000.0,$4500000.0,2024,3.8,3.4,3.9,4.1,3.2,3.7,3.6,3.70,5,2,$0.3M,4,7,$2.1M,$3M,$3M,$25000.0,$2.4M,2,Small,High,Critical,Low,Strong
SyncTwin,2,2024,$0.0,$0.0,$1000000.0,$10000000.0,2024,3.3,4.2,3.6,3.2,3.9,4.0,4.0,3.69,10,2,$1M,4,7,$7M,$0M,$7M,$500000.0,$0.4M,0,Small,Medium,Critical,Very Low,Medium
Bombiix,5,2025,$700000.0,$700000.0,$0.0,$0.0,2017,4.0,3.4,3.8,3.8,3.2,3.8,3.6,3.69,5,2,$0M,4,7,$0.0M,$1.4M,$1.4M,$0.0,$1M,1,Small,Medium,Critical,Low,Strong
ProductFlo,8,2023,$0.0,$0.0,$1000000.0,$5000000.0,2023,4.3,3.4,3.7,3.0,3.8,3.7,3.7,3.67,10,4,$1M,4,7,$7M,$0M,$7M,$125000.0,$1.6M,2,Small,Medium,Critical,Low,Medium
Plevenn,30,2022,$0.0,$0.0,$1000000.0,$10000000.0,2022,4.1,3.7,3.8,3.2,3.4,3.5,3.3,3.66,10,2,$1M,4,7,$7M,$0M,$7M,$33333.3,$6M,6,Small,Medium,High Risk,Moderate,Medium
Quarter20,5,2023,$1500000.0,$1500000.0,$1000000.0,$5000000.0,2024,4.2,3.8,3.6,3.0,3.2,3.7,3.7,3.65,10,2,$1M,4,7,$7M,$3M,$7M,$200000.0,$1M,1,Small,High,Critical,Low,Strong
Falcomm,25,2022,$3000000.0,$3000000.0,$1000000.0,$10000000.0,2021,3.4,3.6,3.7,4.0,3.2,3.5,3.7,3.60,10,2,$1M,4,7,$7M,$6M,$7M,$40000.0,$5M,5,Small,High,Critical,Moderate,Strong
Figurement,3,2023,$1100000.0,$1100000.0,$1000000.0,$10000000.0,2023,3.5,3.8,3.6,3.8,3.2,3.4,3.3,3.58,10,2,$1M,4,7,$7M,$2.2M,$7M,$333333.3,$0.6M,1,Small,High,Critical,Very Low,Strong
Forge,8,2018,$500000.0,$500000.0,$0.0,$0.0,2024,3.9,3.1,3.9,3.0,2.7,3.6,3.4,3.43,5,2,$0M,3,5,$0.0M,$1M,$1M,$0.0,$1.6M,2,Small,Medium,Critical,Low,Strong
Omniscient,35,2025,$0.0,$0.0,$0.0,$0.0,2024,3.7,3.2,3.8,3.0,2.9,3.6,3.4,3.41,5,2,$0M,3,5,$0.0M,$0M,$0M,$0.0,$7M,7,Small,Low,High Risk,Moderate,Medium
Aletiq,18,2025,$7043400.0,$6900000.0,$20000000.0,$35000000.0,2019,3.7,3.7,3.5,4.0,0.0,3.8,3.7,3.35,30,2,$20M,3,5,$100M,$13.8M,$100M,$1111111.1,$3.6M,4,Medium,High,Critical,Moderate,Strong
Specira,2,,,,,,2026,,,,,,,,0.00,5,0,$0M,0,2,$0.0M,$0M,$0M,$0.0,$0.4M,0,Small,Low,Critical,Very Low,Medium
Divergent,310,2025,$290000000.0,$1000000000.0,$57700000.0,$2300000000.0,2014,4.1,4.8,4.3,4.0,4.5,4.7,4.9,4.40,30,2,$57.7M,4,9,$519.3M,$2000M,$2000M,$186129.0,$62M,62,Large,High,Very Strong,Very High,Strong
Fuuz,50,2018,$0.0,$2000000.0,$7000000.0,$100000000.0,2018,4.2,4.4,4.6,4.2,4.4,4.5,4.2,4.37,20,2,$7M,4,9,$63M,$4M,$63M,$140000.0,$10M,10,Large,High,High Risk,High,Strong
Arch Systems,40,2023,$15000000.0,$24000000.0,$20000000.0,$350000000.0,2018,4.5,4.3,4.4,4.1,4.3,4.2,4.4,4.33,30,2,$20M,4,9,$180M,$48M,$180M,$500000.0,$8M,8,Large,High,High Risk,High,Strong
Laminar,20,2022,$30000000.0,$67000000.0,$5000000.0,$40000000.0,2019,4.4,4.2,4.5,4.2,4.3,4.2,4.4,4.32,20,2,$5M,4,9,$45M,$134M,$134M,$250000.0,$4M,4,Medium,High,Critical,Moderate,Strong
rhobot.ai,15,2025,$0.0,$0.0,$1000000.0,$10000000.0,2024,4.4,4.3,4.4,4.3,4.1,4.2,4.4,4.32,10,2,$1M,4,9,$9M,$0M,$9M,$66666.7,$3M,3,Small,Medium,Critical,Moderate,Medium
Epsilon3,55,2022,$15000000.0,$15000000.0,$11000000.0,$120000000.0,2021,4.4,4.7,3.8,4.3,4.1,4.5,4.1,4.29,30,2,$11M,4,9,$99M,$30M,$99M,$200000.0,$11M,11,Large,High,High Risk,High,Strong
AMESA (formerly Composabl),18,2025,$100000.0,$4500000.0,$1000000.0,$18000000.0,2023,4.4,4.1,4.7,4.2,3.8,4.3,4.2,4.29,10,2,$1M,4,9,$9M,$9M,$9M,$55555.6,$3.6M,4,Small,High,Critical,Moderate,Strong
Paperless Parts,200,2023,$5000000.0,$5000000.0,$27300000.0,$250000000.0,2017,4.4,4.2,4.5,4.1,4.2,4.3,4.0,4.29,30,2,$27.3M,4,9,$245.7M,$10M,$245.7M,$136500.0,$40M,40,Large,High,Comfortable,Very High,Strong
Akselos,80,2022,$10000000.0,$6000000.0,$10000000.0,$150000000.0,2012,4.6,3.8,4.5,3.9,4.2,4.7,4.7,4.29,30,2,$10M,4,9,$90M,$12M,$90M,$125000.0,$16M,16,Large,High,Tight,High,Strong
Software Defined Automation,22,2023,$10000000.0,$13000000.0,$4400000.0,$65000000.0,2021,4.2,4.3,4.5,4.2,4.3,4.1,4.2,4.28,10,2,$4.4M,4,9,$39.6M,$26M,$39.6M,$200000.0,$4.4M,4,Medium,High,Critical,Moderate,Strong
HighByte,45,2024,$12000000.0,$16500000.0,$6100000.0,$100000000.0,2018,4.4,4.2,3.7,4.5,4.5,4.7,4.2,4.27,20,2,$6.1M,4,9,$54.9M,$33M,$54.9M,$135555.6,$9M,9,Large,High,High Risk,High,Strong
TDEngine,100,2021,$70000000.0,$400000000.0,$8000000.0,$50000000.0,2018,4.5,3.7,3.7,4.9,4.5,4.7,4.7,4.27,20,2,$8M,4,9,$72M,$800M,$800M,$80000.0,$20M,20,Large,High,Healthy,Very High,Strong
Manufacturo,80,2020,$0.0,$0.0,$8900000.0,$150000000.0,2018,4.6,4.7,3.5,4.5,4.0,4.2,4.4,4.27,20,2,$8.9M,4,9,$80.1M,$0M,$80.1M,$111250.0,$16M,16,Large,Medium,Tight,High,Medium
etalytics,80,2025,$8000000.0,$16000000.0,$5000000.0,$40000000.0,2020,4.5,4.5,4.0,4.5,3.8,3.8,4.5,4.26,20,2,$5M,4,9,$45M,$32M,$45M,$62500.0,$16M,16,Medium,High,Tight,High,Strong
Litmus,106,2025,$13000000.0,$20000000.0,$25000000.0,$300000000.0,2014,4.4,4.4,4.3,4.0,3.9,4.3,4.1,4.25,30,2,$25M,4,9,$225M,$40M,$225M,$235849.1,$21.2M,21,Large,High,Healthy,Very High,Strong
Nominal,125,2025,$75000000.0,$102500000.0,$4700000.0,$1000000000.0,2022,4.5,4.8,4.2,3.0,4.5,4.5,3.8,4.24,10,2,$4.7M,4,9,$42.3M,$205M,$205M,$37600.0,$25M,25,Large,High,Comfortable,Very High,Strong
Tulip Interfaces,400,2026,$120000000.0,$272000000.0,$82000000.0,$1300000000.0,2014,4.5,4.5,3.8,4.0,4.5,4.2,3.9,4.23,30,8,$82M,4,9,$738M,$544M,$738M,$205000.0,$80M,80,Large,High,Very Strong,Very High,Strong
Viam,120,2025,$30000000.0,$117000000.0,$10000000.0,$150000000.0,2020,4.1,4.8,4.2,3.9,4.2,3.9,4.0,4.22,30,2,$10M,4,9,$90M,$234M,$234M,$83333.3,$24M,24,Large,High,Comfortable,Very High,Strong
Eleven Dynamics AG,46,2025,$4000000.0,$4000000.0,$6000000.0,$50000000.0,2020,4.4,4.3,4.4,3.9,3.8,4.2,4.2,4.22,20,2,$6M,4,9,$54M,$8M,$54M,$130434.8,$9.2M,9,Medium,High,High Risk,High,Strong
Visometry,25,2020,$1150000.0,$7.2,$5000000.0,$50000000.0,2017,4.3,4.2,4.5,4.0,3.8,4.3,4.1,4.22,20,2,$5M,4,9,$45M,$0M,$45M,$200000.0,$5M,5,Medium,High,Critical,Moderate,Strong
Leucine,45,2025,$7000000.0,$12000000.0,$7000000.0,$150000000.0,2019,4.6,4.5,3.7,4.2,4.0,4.0,4.0,4.19,20,4,$7M,4,9,$63M,$24M,$63M,$155555.6,$9M,9,Large,High,High Risk,High,Strong
Sight Machine,100,2024,$85000000.0,$85000000.0,$25000000.0,$300000000.0,2011,4.5,4.2,4.2,3.7,4.2,4.2,4.1,4.18,30,2,$25M,4,9,$225M,$170M,$225M,$250000.0,$20M,20,Large,High,Healthy,Very High,Strong
Augmentir,60,2023,$10000000.0,$12000000.0,$5000000.0,$80000000.0,2017,4.4,4.5,3.7,4.1,4.2,4.2,4.1,4.18,20,2,$5M,4,9,$45M,$24M,$45M,$83333.3,$12M,12,Medium,High,Tight,High,Strong
Flexxbotics,28,2025,$2800000.0,$4100000.0,$7000000.0,$50000000.0,2018,4.4,4.2,4.1,3.9,3.7,4.6,4.5,4.18,20,4,$7M,4,9,$63M,$8.2M,$63M,$250000.0,$5.6M,6,Medium,High,Critical,Moderate,Strong
Dirac,20,2025,$10000000.0,$10700000.0,$10700000.0,$150000000.0,2023,4.4,3.6,4.5,4.2,4.0,4.4,4.2,4.18,30,2,$10.7M,4,9,$96.3M,$21.4M,$96.3M,$535000.0,$4M,4,Large,High,Critical,Moderate,Strong
Leela AI,18,2024,$3000000.0,$3000000.0,$1000000.0,$10000000.0,2023,4.2,4.1,4.4,4.2,4.0,4.2,3.9,4.18,10,2,$1M,4,9,$9M,$6M,$9M,$55555.6,$3.6M,4,Small,High,Critical,Moderate,Strong
Acerta,40,2022,$7602060.8,$19000000.0,$10000000.0,$250.0,2017,4.5,4.5,3.7,4.0,3.9,4.3,4.2,4.17,30,8,$10M,4,9,$90M,$38M,$90M,$250000.0,$8M,8,Small,High,High Risk,High,Strong
MatAlytics,9,2026,$0.0,$0.0,$3000000.0,$40000000.0,2023,4.8,3.7,3.7,4.3,4.2,4.4,4.4,4.17,10,2,$3M,4,9,$27M,$0M,$27M,$333333.3,$1.8M,2,Medium,Medium,Critical,Low,Medium
Hadrian,210,2025,$260000000.0,$494000000.0,$20000000.0,$2000000000.0,2020,4.4,4.2,4.4,3.5,4.0,4.3,4.3,4.17,30,2,$20M,4,9,$180M,$988M,$988M,$95238.1,$42M,42,Large,High,Comfortable,Very High,Strong
SmarterChains,40,2024,$0.0,$0.0,$3000000.0,$60000000.0,2017,4.3,4.2,4.0,4.2,4.0,4.3,4.2,4.17,10,2,$3M,4,9,$27M,$0M,$27M,$75000.0,$8M,8,Medium,Medium,High Risk,High,Medium
Squint,150,2025,$40000000.0,$59000000.0,$0.0,$265000000.0,2021,4.4,3.7,3.7,4.8,4.4,4.7,3.5,4.17,5,2,$0M,4,9,$0.0M,$118M,$118M,$0.0,$30M,30,Large,Medium,Comfortable,Very High,Strong
Guidewheel,100,2024,$31000000.0,$31000000.0,$9000000.0,$200000000.0,2018,4.3,4.5,3.7,4.0,3.9,4.7,3.9,4.16,20,2,$9M,4,9,$81M,$62M,$81M,$90000.0,$20M,20,Large,High,Healthy,Very High,Strong
OpsMate,10,2025,$0.0,$500000.0,$1000000.0,$20000000.0,2024,4.8,3.8,4.1,4.4,3.0,4.7,3.8,4.16,10,2,$1M,4,9,$9M,$1M,$9M,$100000.0,$2M,2,Medium,High,Critical,Low,Strong
DataProphet,70,2022,$10000000.0,$16000000.0,$0.0,$0.0,2013,4.2,4.2,4.2,4.1,4.0,4.2,4.1,4.16,5,2,$0M,4,9,$0.0M,$32M,$32M,$0.0,$14M,14,Small,Medium,Tight,High,Strong
Fabriq,120,2025,$25000000.0,$25000000.0,$0.0,$0.0,2019,4.3,4.3,4.0,3.8,4.3,4.3,4.1,4.16,5,2,$0M,4,9,$0.0M,$50M,$50M,$0.0,$24M,24,Medium,Medium,Comfortable,Very High,Strong
TwinThread,50,2022,$6100000.0,$10000000.0,$15000000.0,$100000000.0,2018,4.4,4.0,4.3,4.3,3.7,4.2,3.3,4.14,30,2,$15M,4,9,$135M,$20M,$135M,$300000.0,$10M,10,Large,High,High Risk,High,Strong
OneLayer,70,2025,$28000000.0,$42000000.0,$6000000.0,$80000000.0,2021,4.2,4.3,4.1,3.8,4.2,4.3,4.1,4.14,20,2,$6M,4,9,$54M,$84M,$84M,$85714.3,$14M,14,Medium,High,Tight,High,Strong
APERIO,150,2023,$9000000.0,$24850000.0,$0.0,$0.0,2017,4.3,4.3,3.8,4.5,4.1,3.9,3.7,4.14,5,2,$0M,4,9,$0.0M,$49.7M,$49.7M,$0.0,$30M,30,Medium,Medium,Comfortable,Very High,Strong
Revel,50,2026,$150000000.0,$180000000.0,$0.0,$1000.0,2024,4.5,4.2,4.4,3.4,3.8,4.3,4.1,4.14,5,2,$0M,4,9,$0.0M,$360M,$360M,$0.0,$10M,10,Large,Medium,High Risk,High,Strong
Cognite,480,2021,$150000000.0,$225000000.0,$120000000.0,$840000000.0,2016,4.3,4.2,4.0,4.0,4.1,4.2,4.1,4.14,30,2,$120M,4,9,$1080M,$450M,$1080M,$250000.0,$96M,96,Large,High,Very Strong,Very High,Strong
Carbon,8,2025,$60000000.0,$740000000.0,$130000000.0,$2400000000.0,2013,4.7,4.2,3.5,3.5,4.5,4.5,4.5,4.13,30,2,$130M,4,9,$1170M,$1480M,$1480M,$16250000.0,$1.6M,2,Large,High,Critical,Low,Strong
COSMODOT,15,2025,$0.0,$0.0,$3000000.0,$30000000.0,2020,3.9,4.3,4.7,4.0,3.9,3.4,4.3,4.13,10,2,$3M,4,9,$27M,$0M,$27M,$200000.0,$3M,3,Medium,Medium,Critical,Moderate,Medium
Flow Software,50,2015,$6000000.0,$6000000.0,$6000000.0,$30000000.0,2015,4.5,4.1,3.7,4.3,3.6,4.4,4.2,4.12,20,2,$6M,4,9,$54M,$12M,$54M,$120000.0,$10M,10,Medium,High,High Risk,High,Strong
Seeq,300,2025,$25300000.0,$165000000.0,$25000000.0,$750000000.0,2013,4.6,4.3,3.5,4.0,4.4,4.2,3.5,4.12,30,2,$25M,4,9,$225M,$330M,$330M,$83333.3,$60M,60,Large,High,Very Strong,Very High,Strong
United Manufacturing Hub,16,2026,$5400000.0,$5840000.0,$0.0,$17520000.0,2021,4.2,4.0,4.2,4.3,3.8,4.1,4.0,4.12,5,2,$0M,4,9,$0.0M,$11.7M,$11.7M,$0.0,$3.2M,3,Small,Medium,Critical,Moderate,Strong
ReilAI,20,2024,$0.0,$10000000.0,$0.0,$5000000.0,2024,4.2,4.2,4.1,4.2,4.0,3.8,4.1,4.11,5,4,$0M,4,9,$0.0M,$20M,$20M,$0.0,$4M,4,Small,Medium,Critical,Moderate,Strong
Cybus,80,2022,$20000000.0,$24000000.0,$5000000.0,$60000000.0,2018,4.3,4.4,4.1,3.7,4.0,4.2,3.5,4.11,20,8,$5M,4,9,$45M,$48M,$48M,$62500.0,$16M,16,Medium,High,Tight,High,Strong
EthonAI,32,2024,$16500000.0,$24000000.0,$5000000.0,$150000000.0,2021,4.4,4.5,3.6,4.0,4.0,4.2,3.5,4.10,20,2,$5M,4,9,$45M,$48M,$48M,$156250.0,$6.4M,6,Large,High,High Risk,Moderate,Strong
BaseTwo,14,2025,$11500000.0,$18000000.0,$5000000.0,$80000000.0,2021,4.5,4.1,3.7,4.0,4.0,4.4,4.0,4.10,20,8,$5M,4,9,$45M,$36M,$45M,$357142.9,$2.8M,3,Medium,High,Critical,Low,Strong
Quix,55,2022,$12900000.0,$12900000.0,$2000000.0,$30000000.0,2020,4.4,3.7,4.2,4.0,4.0,4.3,3.8,4.08,10,2,$2M,4,9,$18M,$25.8M,$25.8M,$36363.6,$11M,11,Medium,High,High Risk,High,Strong
Apprentice,106,2023,$65000000.0,$189000000.0,$0.0,$567000000.0,2014,4.3,4.2,4.0,3.6,4.1,4.2,4.1,4.08,5,2,$0M,4,9,$0.0M,$378M,$378M,$0.0,$21.2M,21,Large,Medium,Healthy,Very High,Strong
First Resonance,55,2024,$12500000.0,$30000000.0,$29000000.0,$200000000.0,2018,3.9,4.2,4.2,3.7,4.1,4.4,3.8,4.06,30,2,$29M,4,9,$261M,$60M,$261M,$527272.7,$11M,11,Large,High,High Risk,High,Strong
Smartex.ai,70,2022,$24700000.0,$25000000.0,$6000000.0,$100000000.0,2018,4.2,4.1,3.7,4.1,4.1,4.1,4.5,4.06,20,8,$6M,4,9,$54M,$50M,$54M,$85714.3,$14M,14,Large,High,Tight,High,Strong
Werk24,8,2019,$0.0,$0.0,$1000000.0,$20000000.0,2019,4.0,3.7,4.3,4.4,4.2,3.8,4.0,4.06,10,2,$1M,4,9,$9M,$0M,$9M,$125000.0,$1.6M,2,Medium,Medium,Critical,Low,Medium
Authentise,42,2024,$0.0,$0.0,$7000000.0,$40000000.0,2012,4.3,3.7,4.5,3.9,3.3,4.5,3.9,4.06,20,2,$7M,4,9,$63M,$0M,$63M,$166666.7,$8.4M,8,Medium,Medium,High Risk,High,Medium
Assemblio,15,2024,$2460570.0,$4.6,$1000000.0,$15000000.0,2022,4.5,4.3,4.1,3.5,3.7,3.8,3.9,4.05,10,2,$1M,4,9,$9M,$0M,$9M,$66666.7,$3M,3,Small,High,Critical,Moderate,Strong
Acceleer,4,2024,$0.0,$0.0,$1000000.0,$10000000.0,2024,4.0,4.2,4.3,3.9,3.5,4.1,4.0,4.05,10,2,$1M,4,9,$9M,$0M,$9M,$250000.0,$0.8M,1,Small,Medium,Critical,Very Low,Medium
Fabera,20,2022,$0.0,$500.0,$1000000.0,$10000000.0,2022,4.0,4.0,4.3,3.8,4.1,4.0,3.9,4.04,10,2,$1M,4,9,$9M,$0M,$9M,$50000.0,$4M,4,Small,High,Critical,Moderate,Strong
Canvass AI,90,2021,$15000000.0,$25000000.0,$8000000.0,$120000000.0,2016,4.2,4.1,4.0,3.7,4.0,4.1,3.9,4.02,20,2,$8M,4,9,$72M,$50M,$72M,$88888.9,$18M,18,Large,High,Healthy,High,Strong
Rhize Manufacturing Hub,25,2020,$1500000.0,$2100000.0,$4000000.0,$40000000.0,2020,4.3,3.7,4.1,4.1,3.0,4.3,4.5,3.99,10,2,$4M,4,7,$28M,$4.2M,$28M,$160000.0,$5M,5,Medium,High,Critical,Moderate,Strong
3YOURMIND,80,2021,$12000000.0,$31000000.0,$15000000.0,$42000000.0,2014,4.2,4.1,3.6,3.9,4.1,4.4,3.5,3.99,30,2,$15M,4,7,$105M,$62M,$105M,$187500.0,$16M,16,Medium,High,Tight,High,Strong
MOVEdot,10,2024,$650000.0,$650000.0,,$0.0,2024,4.1,3.9,4.2,4.0,3.8,3.8,3.8,3.99,5,2,$0M,4,7,$0.0M,$1.3M,$1.3M,$0.0,$2M,2,Small,Medium,Critical,Low,Strong
Intelecy,34,2023,$3500000.0,$3500000.0,$3700000.0,$25900000.0,2016,4.0,3.9,4.0,4.3,3.8,3.9,3.8,3.99,10,2,$3.7M,4,7,$25.9M,$7M,$25.9M,$108823.5,$6.8M,7,Medium,High,High Risk,Moderate,Strong
Data Time Space,7,2025,$1100000.0,$2000000.0,$1000000.0,$10000000.0,2024,4.0,3.8,4.2,4.0,3.9,4.0,3.8,3.98,10,2,$1M,4,7,$7M,$4M,$7M,$142857.1,$1.4M,1,Small,High,Critical,Low,Strong
Azumuta,30,2025,$8000000.0,$8000000.0,$0.0,$0.0,2013,4.2,4.0,3.9,3.7,3.8,4.1,3.9,3.96,5,2,$0M,4,7,$0.0M,$16M,$16M,$0.0,$6M,6,Small,Medium,High Risk,Moderate,Strong
MachineMetrics,56,2021,$20000000.0,$37700000.0,$17200000.0,$250000000.0,2014,4.0,4.5,3.5,3.5,4.2,4.0,4.1,3.95,30,2,$17.2M,4,7,$120.4M,$75.4M,$120.4M,$307142.9,$11.2M,11,Large,High,High Risk,High,Strong
OTee,5,2024,$1500000.0,$1500000.0,$0.0,$0.0,2022,4.2,3.7,4.3,3.7,3.4,4.1,3.9,3.94,5,2,$0M,4,7,$0.0M,$3M,$3M,$0.0,$1M,1,Small,Medium,Critical,Low,Strong
Barbara,43,2024,$6000000.0,$12000000.0,$4000000.0,$30000000.0,2017,4.2,4.0,4.1,3.4,3.6,3.9,4.1,3.93,10,2,$4M,4,7,$28M,$24M,$28M,$93023.3,$8.6M,9,Medium,High,High Risk,High,Strong
Pico MES,14,2023,$12350000.0,$12400000.0,$4000000.0,$40000000.0,2019,4.2,4.0,3.4,4.0,4.2,3.8,3.4,3.89,10,2,$4M,4,7,$28M,$24.8M,$28M,$285714.3,$2.8M,3,Medium,High,Critical,Low,Strong
Opti-Technologies,35,2021,$100000.0,$100000.0,$1000000.0,$25000000.0,2017,3.6,4.0,4.2,4.1,3.4,3.7,4.1,3.89,10,2,$1M,4,7,$7M,$0.2M,$7M,$28571.4,$7M,7,Medium,High,High Risk,Moderate,Strong
HiveMQ,150,2022,$40000000.0,$49300000.0,$34000000.0,$400000000.0,2012,4.4,4.0,3.8,3.2,3.6,4.0,3.8,3.87,30,2,$34M,4,7,$238M,$98.6M,$238M,$226666.7,$30M,30,Large,High,Comfortable,Very High,Strong
FlowFuse,20,2025,$7200000.0,$14500000.0,$2000000.0,$25000000.0,2021,4.2,3.8,4.0,3.6,3.4,3.9,3.7,3.86,10,2,$2M,4,7,$14M,$29M,$29M,$100000.0,$4M,4,Medium,High,Critical,Moderate,Strong
TwinMo,6,2023,$0.0,$600.0,$3000000.0,$40000000.0,2023,4.7,3.8,3.6,3.8,3.0,3.7,3.7,3.85,10,4,$3M,4,7,$21M,$0M,$21M,$500000.0,$1.2M,1,Medium,High,Critical,Low,Strong
United Manufacturing Hub (UMH),25,2022,$2000000.0,$2000000.0,$1000000.0,$12000000.0,2021,3.9,3.7,3.8,4.1,3.6,3.8,4.0,3.84,10,2,$1M,4,7,$7M,$4M,$7M,$40000.0,$5M,5,Small,High,Critical,Moderate,Strong
Samp,37,2024,$6500000.0,$10500000.0,$0.0,$0.0,2019,4.0,3.8,4.1,3.5,3.6,3.9,3.7,3.84,5,2,$0M,4,7,$0.0M,$21M,$21M,$0.0,$7.4M,7,Small,Medium,High Risk,Moderate,Strong
Automation Intelligence,40,2019,$0.0,$0.0,$0.0,$0.0,2019,4.2,4.5,3.8,3.0,3.2,3.9,3.3,3.83,5,2,$0M,4,7,$0.0M,$0M,$0M,$0.0,$8M,8,Small,Low,High Risk,High,Medium
MontBlancAI,20,2024,$0.0,$0.0,$0.0,$0.0,2022,4.1,3.8,4.0,3.4,3.4,3.9,3.6,3.80,5,2,$0M,4,7,$0.0M,$0M,$0M,$0.0,$4M,4,Small,Low,Critical,Moderate,Medium
TimeSeer,12,2023,$6000000.0,$10300000.0,$1000000.0,$10000000.0,2022,3.7,3.4,4.0,4.1,3.0,3.8,3.8,3.70,10,4,$1M,4,7,$7M,$20.6M,$20.6M,$83333.3,$2.4M,2,Small,High,Critical,Low,Strong
Portainer.io,150,2022,$6200000.0,$12200000.0,$4700000.0,$40000000.0,2017,4.0,3.8,3.6,3.4,3.7,3.6,3.5,3.70,10,2,$4.7M,4,7,$32.9M,$24.4M,$32.9M,$31333.3,$30M,30,Medium,High,Comfortable,Very High,Strong
Barbara,190,2026,$5330000.0,$8290000.0,$0.0,$0.0,2016,4.0,3.7,3.8,3.4,3.2,3.8,3.6,3.69,5,2,$0M,4,7,$0.0M,$16.6M,$16.6M,$0.0,$38M,38,Small,Medium,Comfortable,Very High,Strong
"Inkwell Data, Ltd",10,2025,$0.0,$0.0,$0.0,$0.0,2019,4.0,3.5,3.9,3.4,3.2,3.8,3.6,3.67,5,2,$0M,4,7,$0.0M,$0M,$0M,$0.0,$2M,2,Small,Low,Critical,Low,Medium
Quartic.ai,56,2019,$4500000.0,$5000000.0,$15000000.0,$150000000.0,2017,3.7,3.7,4.1,3.0,3.0,4.4,3.5,3.66,30,2,$15M,4,7,$105M,$10M,$105M,$267857.1,$11.2M,11,Large,High,High Risk,High,Strong
plus10,28,2022,$0.0,$0.0,$0.0,$0.0,2020,3.9,3.6,3.7,3.4,3.5,3.8,3.6,3.66,5,2,$0M,4,7,$0.0M,$0M,$0M,$0.0,$5.6M,6,Small,Low,Critical,Moderate,Medium
Neofactory,10,2026,$0.0,$0.0,$0.0,$0.0,2024,4.2,4.5,4.5,2.0,1.0,4.0,4.0,3.64,5,2,$0M,3,7,$0.0M,$0M,$0M,$0.0,$2M,2,Small,Low,Critical,Low,Medium
Diagon,8,2023,$5100000.0,$5120000.0,$0.0,$0.0,2023,4.4,4.2,3.7,4.0,3.7,0.0,3.9,3.63,5,2,$0M,4,7,$0.0M,$10.2M,$10.2M,$0.0,$1.6M,2,Small,Medium,Critical,Low,Strong
Harmoni,8,2025,$0.0,$0.0,$0.0,$0.0,2021,3.6,3.5,4.1,3.0,3.0,3.5,4.5,3.57,5,2,$0M,3,7,$0.0M,$0M,$0M,$0.0,$1.6M,2,Small,Low,Critical,Low,Medium
Struck,20,2023,$2000000.0,$2000000.0,$1000000.0,$10000000.0,2021,3.9,3.4,3.6,3.2,3.5,3.8,3.4,3.56,10,2,$1M,4,7,$7M,$4M,$7M,$50000.0,$4M,4,Small,High,Critical,Moderate,Strong
Wailand,2,2025,$0.0,$0.0,$0.0,$0.0,2026,3.9,3.3,4.0,3.2,3.0,3.7,3.4,3.56,5,2,$0M,4,7,$0.0M,$0M,$0M,$0.0,$0.4M,0,Small,Low,Critical,Very Low,Medium
JasperX,10,2023,$1200000.0,$1200000.0,$0.0,$0.0,2023,4.0,3.3,4.0,3.0,3.0,3.8,3.5,3.56,5,2,$0M,4,7,$0.0M,$2.4M,$2.4M,$0.0,$2M,2,Small,Medium,Critical,Low,Strong
Digel,8,2025,$0.0,$0.0,$0.0,$0.0,2024,4.0,3.3,4.1,3.0,2.9,3.7,3.4,3.56,5,2,$0M,4,7,$0.0M,$0M,$0M,$0.0,$1.6M,2,Small,Low,Critical,Low,Medium
Coreflux,12,2025,$1300000.0,$1300000.0,$0.0,$0.0,2022,3.8,3.4,3.5,3.6,3.4,3.6,3.4,3.55,5,2,$0M,4,7,$0.0M,$2.6M,$2.6M,$0.0,$2.4M,2,Small,Medium,Critical,Low,Strong
Dados,11,2026,$0.0,$0.0,$0.0,$0.0,2022,4.0,3.2,4.2,3.0,2.8,3.7,3.4,3.55,5,2,$0M,3,7,$0.0M,$0M,$0M,$0.0,$2.2M,2,Small,Low,Critical,Low,Medium
MaestroHub,5,2025,$600000.0,$600000.0,$0.0,$10000000.0,2023,3.8,3.4,3.6,3.7,3.0,3.6,3.3,3.54,5,2,$0M,3,7,$0.0M,$1.2M,$1.2M,$0.0,$1M,1,Small,Medium,Critical,Low,Strong
PLCcode.ai,2,2025,$0.0,$0.0,$0.0,$0.0,2025,4.0,3.0,3.7,3.6,3.0,3.8,3.3,3.53,5,2,$0M,3,7,$0.0M,$0M,$0M,$0.0,$0.4M,0,Small,Low,Critical,Very Low,Medium
planeus,40,2014,$0.0,$0.0,$0.0,$0.0,2014,3.8,3.8,3.4,3.0,3.2,3.7,3.5,3.52,5,2,$0M,3,7,$0.0M,$0M,$0M,$0.0,$8M,8,Small,Low,High Risk,High,Medium
Twindustrial GmbH,5,2024,$0.0,$0.0,$0.0,$0.0,2024,3.7,3.4,3.8,3.2,3.1,3.6,3.5,3.51,5,2,$0M,3,7,$0.0M,$0M,$0M,$0.0,$1M,1,Small,Low,Critical,Low,Medium
Fab.ai,15,2023,$2000000.0,$2000000.0,$3000000.0,$20000000.0,2023,3.4,4.0,3.2,3.6,3.3,3.3,3.6,3.50,10,2,$3M,3,7,$21M,$4M,$21M,$200000.0,$3M,3,Medium,High,Critical,Moderate,Strong
HighQA,35,2023,$0.0,$5500000.0,$0.0,$0.0,2009,3.6,3.6,3.4,3.4,3.3,3.6,3.4,3.49,5,2,$0M,3,5,$0.0M,$11M,$11M,$0.0,$7M,7,Small,Medium,High Risk,Moderate,Strong
"Mind Device, Inc.",2,2022,$0.0,$0.0,$0.0,$0.0,2022,4.0,3.2,3.7,3.0,2.9,3.7,3.3,3.46,5,2,$0M,3,5,$0.0M,$0M,$0M,$0.0,$0.4M,0,Small,Low,Critical,Very Low,Medium
Perception Manufacturing,25,2022,$0.0,$0.0,$0.0,$15000000.0,2022,3.8,3.2,3.5,3.0,3.5,3.4,3.3,3.41,5,2,$0M,3,5,$0.0M,$0M,$0M,$0.0,$5M,5,Small,Low,Critical,Moderate,Medium
AnyLog,8,2024,$3800000.0,$3800000.0,$0.0,$0.0,2019,4.3,3.7,4.5,3.9,1.0,0.0,4.5,3.41,5,2,$0M,3,5,$0.0M,$7.6M,$7.6M,$0.0,$1.6M,2,Small,Medium,Critical,Low,Strong
Numorpho Cybernetic Systems (NUMO),30,2024,$0.0,$0.0,$1000000.0,$10000000.0,2022,3.4,2.9,3.4,4.0,3.0,3.8,3.5,3.39,10,2,$1M,3,5,$5M,$0M,$5M,$33333.3,$6M,6,Small,Medium,High Risk,Moderate,Medium
Tellia,10,2025,$0.0,$0.0,$1000000.0,$15000000.0,2024,0.0,4.1,4.6,4.1,3.7,4.3,4.0,3.36,10,2,$1M,3,5,$5M,$0M,$5M,$100000.0,$2M,2,Small,Medium,Critical,Low,Medium
ThredCloud,1,2019,$0.0,$0.0,$2000000.0,$15000000.0,2019,3.7,3.2,3.4,3.1,2.8,3.5,3.1,3.31,10,2,$2M,3,5,$10M,$0M,$10M,$2000000.0,$0.2M,0,Small,Medium,Critical,Very Low,Medium
formfactories,8,2018,$0.0,$0.0,$0.0,$0.0,2018,3.5,3.1,3.4,3.4,2.9,3.3,3.1,3.29,5,2,$0M,3,5,$0.0M,$0M,$0M,$0.0,$1.6M,2,Small,Low,Critical,Low,Medium
Ironloop,8,2025,$0.0,$0.0,$0.0,$0.0,2025,3.9,3.5,3.5,0.0,0.0,0.0,3.5,2.36,5,2,$0M,2,3,$0.0M,$0M,$0M,$0.0,$1.6M,2,Small,Low,Critical,Low,Medium
Santinela,-1,2019,$0.0,$0.0,$1000000.0,$10000000.0,2019,4.2,4.3,3.5,4.6,3.9,3.7,3.3,4.02,10,2,$1M,4,9,$9M,$0M,$9M,,,0,Small,Medium,Unknown,Unknown,Low
Wailand,,,,,,,,,,,,,,,0.00,5,0,,0,2,$0.0M,$0M,$0M,,,0,Small,Low,Unknown,Unknown,Low
Tractian,500,2024,$120000000.0,$120000000.0,$0.0,$720000000.0,2019,4.7,4.5,4.7,4.7,4.8,4.6,4.8,4.67,5,2,$0M,5,12,$0.0M,$240M,$240M,$0.0,$100M,100,Large,Medium,Very Strong,Very High,Strong
Instrumental,330,2021,$100000000.0,$150000000.0,$20000000.0,$200000000.0,2015,4.7,4.6,4.4,4.0,4.1,4.2,4.3,4.39,30,8,$20M,4,9,$180M,$300M,$300M,$60606.1,$66M,66,Large,High,Very Strong,Very High,Strong
Overview AI,55,2023,$65000000.0,$85000000.0,$2000000.0,$30000000.0,2016,4.6,4.4,4.5,4.2,4.3,4.0,4.1,4.37,10,2,$2M,4,9,$18M,$170M,$170M,$36363.6,$11M,11,Medium,High,High Risk,High,Strong
Twinzo,15,2024,$2300000.0,$2300000.0,$4000000.0,$50000000.0,2020,4.4,4.5,4.3,4.1,4.2,4.2,4.6,4.32,10,2,$4M,4,9,$36M,$4.6M,$36M,$266666.7,$3M,3,Medium,High,Critical,Moderate,Strong
Imubit,80,2021,$30000000.0,$50000000.0,$0.0,$150000000.0,2015,4.4,4.3,4.5,4.0,4.0,4.3,4.4,4.29,5,2,$0M,4,9,$0.0M,$100M,$100M,$0.0,$16M,16,Large,Medium,Tight,High,Strong
Aquant,190,2021,$70000000.0,$110000000.0,$40000000.0,$400000000.0,2016,4.5,4.4,4.3,4.0,4.2,4.3,3.8,4.28,30,2,$40M,4,9,$360M,$220M,$360M,$210526.3,$38M,38,Large,High,Comfortable,Very High,Strong
Scortex,90,2022,$16000000.0,$20000000.0,$5000000.0,$80000000.0,2016,4.4,4.3,4.3,4.1,4.2,4.3,4.4,4.28,20,2,$5M,4,9,$45M,$40M,$45M,$55555.6,$18M,18,Medium,High,Healthy,High,Strong
Viso Suite,80,2022,$15000000.0,$25000000.0,$5000000.0,$90000000.0,2019,4.3,4.1,4.5,4.2,4.0,4.1,4.4,4.24,20,2,$5M,4,9,$45M,$50M,$50M,$62500.0,$16M,16,Medium,High,Tight,High,Strong
LandingAI,112,2025,$57000000.0,$57000000.0,$24000000.0,$300000000.0,2017,4.3,4.8,4.2,4.0,3.5,4.2,3.9,4.23,30,2,$24M,4,9,$216M,$114M,$216M,$214285.7,$22.4M,22,Large,High,Healthy,Very High,Strong
MaintainX,150,2025,$150000000.0,$254000000.0,$120000000.0,$2500000000.0,2018,4.6,4.6,3.4,4.3,4.2,4.2,4.2,4.22,30,2,$120M,4,9,$1080M,$508M,$1080M,$800000.0,$30M,30,Large,High,Comfortable,Very High,Strong
ControlRooms.ai,27,2023,$10000000.0,$14000000.0,$5000000.0,$100000000.0,2021,4.5,4.7,3.7,4.0,4.0,3.8,4.0,4.16,20,2,$5M,4,9,$45M,$28M,$45M,$185185.2,$5.4M,5,Large,High,Critical,Moderate,Strong
Green Factory AI,8,2024,$0.3,$0.3,$1000000.0,$10000000.0,2024,4.3,4.0,4.2,3.9,4.2,4.1,3.8,4.11,10,2,$1M,4,9,$9M,$0M,$9M,$125000.0,$1.6M,2,Small,High,Critical,Low,Strong
Phaidra,97,2025,$50000000.0,$120000000.0,$0.0,$360000000.0,2019,4.2,4.1,4.4,3.7,3.8,4.2,4.1,4.10,5,2,$0M,4,9,$0.0M,$240M,$240M,$0.0,$19.4M,19,Large,Medium,Healthy,High,Strong
Geminus.ai,50,2024,$13000000.0,$13000000.0,$7000000.0,$80000000.0,2018,4.4,4.4,3.7,4.0,3.8,4.1,4.0,4.09,20,4,$7M,4,9,$63M,$26M,$63M,$140000.0,$10M,10,Medium,High,High Risk,High,Strong
Frontline.io,18,2025,$10000000.0,$10000000.0,$6000000.0,$30000000.0,2020,4.2,4.0,4.4,3.8,3.9,4.2,3.8,4.09,20,2,$6M,4,9,$54M,$20M,$54M,$333333.3,$3.6M,4,Medium,High,Critical,Moderate,Strong
Uptake,250,2021,$117000000.0,$250000000.0,$60000000.0,$600000000.0,2014,4.2,4.0,4.3,3.5,3.8,4.2,4.2,4.04,30,2,$60M,4,9,$540M,$500M,$540M,$240000.0,$50M,50,Large,High,Very Strong,Very High,Strong
juna.ai,15,2024,$7500000.0,$7500000.0,$0.0,$22500000.0,2023,4.3,3.8,4.2,4.1,3.5,4.0,3.9,4.02,5,2,$0M,4,9,$0.0M,$15M,$15M,$0.0,$3M,3,Medium,Medium,Critical,Moderate,Strong
UptimeAI,41,2024,$14000000.0,$17500000.0,$0.0,$52500000.0,2019,4.1,3.9,4.0,4.1,4.0,4.1,3.9,4.02,5,2,$0M,4,9,$0.0M,$35M,$35M,$0.0,$8.2M,8,Medium,Medium,High Risk,High,Strong
Voxel,90,2023,$30000000.0,$38000000.0,$7000000.0,$150000000.0,2020,4.1,4.0,4.2,3.7,4.0,4.0,4.0,4.01,20,8,$7M,4,9,$63M,$76M,$76M,$77777.8,$18M,18,Large,High,Healthy,High,Strong
"LinCode Labs, Inc.",120,2025,$2600000.0,$5400000.0,,$0.0,2017,4.0,3.9,4.0,4.0,3.9,4.1,3.9,3.98,5,8,$0M,4,7,$0.0M,$10.8M,$10.8M,$0.0,$24M,24,Small,Medium,Comfortable,Very High,Strong
Tanso,55,2025,$12000000.0,$22900000.0,$5000000.0,$60000000.0,2021,4.5,4.0,3.5,4.0,3.9,4.0,3.5,3.97,20,2,$5M,4,7,$35M,$45.8M,$45.8M,$90909.1,$11M,11,Medium,High,High Risk,High,Strong
Nextmv,35,2021,$8000000.0,$20000000.0,$2000000.0,$30000000.0,2019,4.4,4.1,3.7,3.9,3.8,3.7,3.7,3.96,10,2,$2M,4,7,$14M,$40M,$40M,$57142.9,$7M,7,Medium,High,High Risk,Moderate,Strong
Pictorus,10,2024,$3500000.0,$1400000.0,$1000000.0,$20000000.0,2021,4.2,4.1,3.7,4.0,3.8,3.7,3.5,3.93,10,8,$1M,4,7,$7M,$2.8M,$7M,$100000.0,$2M,2,Medium,High,Critical,Low,Strong
PAILOT,25,2025,$0.0,$0.0,,$0.0,2002,4.0,3.8,4.1,3.6,3.8,4.0,3.7,3.89,5,2,$0M,4,7,$0.0M,$0M,$0M,$0.0,$5M,5,Small,Low,Critical,Moderate,Medium
InUse,31,2021,$2400000.0,$2800000.0,$3000000.0,$100000000.0,2015,4.7,3.7,3.3,3.5,4.5,3.6,3.5,3.85,10,2,$3M,4,7,$21M,$5.6M,$21M,$96774.2,$6.2M,6,Large,High,High Risk,Moderate,Strong
CVector,12,2026,$5000000.0,$6500000.0,$0.0,$19500000.0,2025,3.9,3.6,4.1,4.2,3.3,3.8,3.7,3.85,5,2,$0M,4,7,$0.0M,$13M,$13M,$0.0,$2.4M,2,Small,Medium,Critical,Low,Strong
Octotronic,15,2025,$0.0,$0.0,$0.0,$0.0,2020,4.1,3.7,4.0,3.4,3.5,3.9,3.6,3.79,5,2,$0M,4,7,$0.0M,$0M,$0M,$0.0,$3M,3,Small,Low,Critical,Moderate,Medium
Digel,5,2025,$0.0,$0.0,$0.0,$0.0,2024,4.0,3.5,4.2,3.7,3.2,3.9,3.6,3.79,5,2,$0M,4,7,$0.0M,$0M,$0M,$0.0,$1M,1,Small,Low,Critical,Low,Medium
GroundControl,12,2025,$0.0,$3000000.0,$2000000.0,$20000000.0,2024,3.9,4.8,3.7,3.5,1.0,3.9,3.8,3.69,10,2,$2M,3,7,$14M,$6M,$14M,$166666.7,$2.4M,2,Medium,High,Critical,Low,Strong
Relay Ace,3,2024,$0.0,$0.0,$0.0,$0.0,2024,3.6,3.5,3.7,4.3,3.1,3.5,3.1,3.62,5,2,$0M,4,7,$0.0M,$0M,$0M,$0.0,$0.6M,1,Small,Low,Critical,Very Low,Medium
ViewAR,26,2021,$12000000.0,$12000000.0,$3000000.0,$50000000.0,2010,4.0,4.0,3.5,3.0,3.0,3.5,3.5,3.58,10,2,$3M,4,7,$21M,$24M,$24M,$115384.6,$5.2M,5,Medium,High,Critical,Moderate,Strong
StatStream,6,2023,$0.3,$0.0,$1000000.0,$10000000.0,2023,3.5,3.2,3.8,3.8,3.3,3.9,3.2,3.55,10,2,$1M,4,7,$7M,$0M,$7M,$166666.7,$1.2M,1,Small,Medium,Critical,Low,Medium
Optrix,10,2010,$0.0,$0.0,$1000000.0,$10000000.0,2010,3.8,3.5,3.6,3.4,3.2,3.5,3.8,3.55,10,2,$1M,4,7,$7M,$0M,$7M,$100000.0,$2M,2,Small,Medium,Critical,Low,Medium
SUFFISCIENS,15,2022,$0.0,$0.0,$0.0,$0.0,2020,3.9,3.5,3.6,3.2,3.2,3.6,3.4,3.53,5,2,$0M,4,7,$0.0M,$0M,$0M,$0.0,$3M,3,Small,Low,Critical,Moderate,Medium
Intelcyx,17,2024,$0.0,$0.0,$0.0,$0.0,2023,4.0,3.4,3.7,3.0,3.1,3.8,3.5,3.53,5,2,$0M,4,7,$0.0M,$0M,$0M,$0.0,$3.4M,3,Small,Low,Critical,Moderate,Medium
Allus AI,10,2023,$0.0,$500000.0,$0.0,$0.0,2022,3.7,3.5,3.6,3.3,3.2,3.4,3.3,3.48,5,2,$0M,3,5,$0.0M,$1M,$1M,$0.0,$2M,2,Small,Medium,Critical,Low,Strong
Digital Twin AI,10,2023,$0.0,$0.0,$1000000.0,$10000000.0,2023,3.7,3.2,3.3,3.1,3.2,3.6,3.1,3.34,10,2,$1M,3,5,$5M,$0M,$5M,$100000.0,$2M,2,Small,Medium,Critical,Low,Medium
Zelos Cloud,14,2025,$0.0,$500000.0,$440000.0,$50000000.0,2022,4.2,3.3,3.7,3.0,0.0,3.7,3.5,3.24,5,2,$0.4M,3,5,$2.2M,$1M,$2.2M,$31428.6,$2.8M,3,Medium,High,Critical,Low,Strong
SpecRight,140,2025,$30000000.0,$46000000.0,$23700000.0,$125000000.0,2014,4.3,4.6,4.7,4.1,4.1,4.6,4.5,4.43,30,8,$23.7M,4,9,$213.3M,$92M,$213.3M,$169285.7,$28M,28,Large,High,Comfortable,Very High,Strong
Omnea,55,2025,$50000000.0,$110000000.0,$3000000.0,$10000000.0,2021,4.3,4.2,4.3,4.2,4.2,4.2,4.0,4.23,10,2,$3M,4,9,$27M,$220M,$220M,$54545.5,$11M,11,Large,High,High Risk,High,Strong
Luminovo,75,2022,$11000000.0,$11000000.0,$5000000.0,$60000000.0,2017,4.4,4.0,4.2,4.1,4.4,4.2,4.4,4.22,20,2,$5M,4,9,$45M,$22M,$45M,$66666.7,$15M,15,Medium,High,Tight,High,Strong
Parter,80,2023,$60000000.0,$90000000.0,$1000000.0,$10000000.0,2019,4.5,4.3,4.4,3.8,4.2,3.9,3.9,4.22,10,8,$1M,4,9,$9M,$180M,$180M,$12500.0,$16M,16,Medium,High,Tight,High,Strong
Flowlity,40,2022,$5000000.0,$6700000.0,$1000000.0,$100000000.0,2019,4.3,4.1,4.3,4.2,4.1,4.2,4.0,4.20,10,2,$1M,4,9,$9M,$13.4M,$13.4M,$25000.0,$8M,8,Large,High,High Risk,High,Strong
Matchory,23,2025,$6000000.0,$7000000.0,$7000000.0,$100000000.0,2017,4.2,4.1,4.3,4.2,4.1,4.2,3.9,4.18,20,2,$7M,4,9,$63M,$14M,$63M,$304347.8,$4.6M,5,Large,High,Critical,Moderate,Strong
Spendkey,17,2024,$2000000.0,$3500000.0,$1000000.0,$10000000.0,2020,4.2,4.1,4.3,4.2,4.1,4.2,3.9,4.18,10,2,$1M,4,9,$9M,$7M,$9M,$58823.5,$3.4M,3,Small,High,Critical,Moderate,Strong
Mandel AI,8,2024,$1200000.0,$1200000.0,$1000000.0,$5000000.0,2023,4.0,4.4,4.2,4.2,4.1,4.1,3.9,4.17,10,2,$1M,4,9,$9M,$2.4M,$9M,$125000.0,$1.6M,2,Small,High,Critical,Low,Strong
Wakeo,55,2023,$21130200.0,$30000000.0,$20000000.0,$400000000.0,2016,4.3,4.1,4.3,4.0,4.2,4.2,3.7,4.17,30,2,$20M,4,9,$180M,$60M,$180M,$363636.4,$11M,11,Large,High,High Risk,High,Strong
Jiga,30,2025,$12000000.0,$16100000.0,$5000000.0,$75000000.0,2020,4.4,4.2,4.2,3.8,4.0,4.3,4.1,4.17,20,2,$5M,4,9,$45M,$32.2M,$45M,$166666.7,$6M,6,Medium,High,High Risk,Moderate,Strong
Pivot,14,2025,$5000000.0,$5000000.0,$1000000.0,$10000000.0,2023,4.2,4.0,4.2,4.1,4.1,4.2,3.9,4.12,10,2,$1M,4,9,$9M,$10M,$10M,$71428.6,$2.8M,3,Small,High,Critical,Low,Strong
Mobius Materials,10,2025,$3000000.0,$4500000.0,$1000000.0,$40000000.0,2020,4.2,4.3,4.2,4.0,3.9,3.8,3.8,4.10,10,8,$1M,4,9,$9M,$9M,$9M,$100000.0,$2M,2,Medium,High,Critical,Low,Strong
Pelico,180,2025,$40000000.0,$58500000.0,$0.0,$0.0,2019,4.4,4.1,4.1,3.6,4.0,4.2,4.1,4.09,5,2,$0M,4,9,$0.0M,$117M,$117M,$0.0,$36M,36,Medium,Medium,Comfortable,Very High,Strong
Poka Labs,15,2024,$500000.0,$500000.0,$1000000.0,$5000000.0,2023,4.2,3.8,4.5,4.0,3.7,4.1,4.0,4.08,10,2,$1M,4,9,$9M,$1M,$9M,$66666.7,$3M,3,Small,High,Critical,Moderate,Strong
CoFactr,70,2024,$17200000.0,$28200000.0,$10000000.0,$75000000.0,2021,4.2,4.3,3.7,4.2,4.3,3.7,3.9,4.07,30,2,$10M,4,9,$90M,$56.4M,$90M,$142857.1,$14M,14,Medium,High,Tight,High,Strong
ContractHero,18,2023,$8000000.0,$8000000.0,$40000000.0,$22000000.0,2017,4.1,4.0,4.2,4.1,4.0,4.1,3.7,4.07,30,2,$40M,4,9,$360M,$16M,$360M,$2222222.2,$3.6M,4,Medium,High,Critical,Moderate,Strong
Sudozi,22,2022,$2000000.0,$4300000.0,$5000000.0,$70000000.0,2021,4.1,4.0,4.2,4.1,4.0,4.0,3.9,4.07,20,2,$5M,4,9,$45M,$8.6M,$45M,$227272.7,$4.4M,4,Medium,High,Critical,Moderate,Strong
Evolinq,10,2025,$1600000.0,$3000000.0,$1000000.0,$15000000.0,2023,4.1,4.0,4.2,4.1,4.0,4.0,3.8,4.06,10,2,$1M,4,9,$9M,$6M,$9M,$100000.0,$2M,2,Small,High,Critical,Low,Strong
Vendorvue,14,2024,$1400000.0,$2000000.0,$1000000.0,$10000000.0,2023,4.0,4.0,4.2,4.1,4.0,4.0,3.8,4.05,10,2,$1M,4,9,$9M,$4M,$9M,$71428.6,$2.8M,3,Small,High,Critical,Low,Strong
Besso,15,2024,$1400000.0,$2000000.0,$1000000.0,$10000000.0,2018,4.0,3.9,4.2,4.1,4.0,4.1,3.8,4.04,10,2,$1M,4,9,$9M,$4M,$9M,$66666.7,$3M,3,Small,High,Critical,Moderate,Strong
Fabriom,3,2025,$0.0,$0.0,$150000.0,$5000000.0,2025,4.4,3.8,4.2,4.3,3.1,4.1,3.6,4.03,5,4,$0.2M,4,9,$1.4M,$0M,$1.4M,$50000.0,$0.6M,1,Small,Medium,Critical,Very Low,Medium
Response,6,2025,$900.0,$1200000.0,$1000000.0,$10000000.0,2024,4.0,3.8,4.1,4.0,3.8,4.0,3.7,3.95,10,2,$1M,4,7,$7M,$2.4M,$7M,$166666.7,$1.2M,1,Small,High,Critical,Low,Strong
Silkline,10,2025,$4000000.0,$4000000.0,$1000000.0,$10000000.0,2023,4.0,4.5,3.0,4.0,3.8,3.5,3.5,3.81,10,2,$1M,4,7,$7M,$8M,$8M,$100000.0,$2M,2,Small,High,Critical,Low,Strong
Flexify,6,2025,$0.0,$0.0,$0.0,$0.0,2025,4.1,3.5,4.0,3.4,3.2,3.8,3.5,3.71,5,2,$0M,4,7,$0.0M,$0M,$0M,$0.0,$1.2M,1,Small,Low,Critical,Low,Medium
Flywheel Industries,6,2024,$500000.0,$500000.0,$0.0,$0.0,2024,4.0,3.4,3.8,3.9,3.1,3.7,3.4,3.68,5,2,$0M,4,7,$0.0M,$1M,$1M,$0.0,$1.2M,1,Small,Medium,Critical,Low,Strong
SomebodyMakeIt,6,2025,$0.0,$0.0,$0.0,$0.0,2025,4.0,3.4,3.7,3.6,3.2,3.7,3.5,3.63,5,2,$0M,4,7,$0.0M,$0M,$0M,$0.0,$1.2M,1,Small,Low,Critical,Low,Medium
Omnae,18,2021,$0.0,$0.0,$2000000.0,$20000000.0,2016,3.0,4.0,3.5,4.0,3.0,3.9,4.0,3.59,10,2,$2M,3,7,$14M,$0M,$14M,$111111.1,$3.6M,4,Medium,Medium,Critical,Moderate,Medium
Bill-X Gmbh,22,2024,$0.0,$0.0,$0.0,$0.0,2021,3.8,3.7,3.6,3.2,3.4,3.5,3.4,3.56,5,2,$0M,4,7,$0.0M,$0M,$0M,$0.0,$4.4M,4,Small,Low,Critical,Moderate,Medium
Mak3r.ai,6,2023,$0.0,$50000000.0,$1000000.0,$5.0,2023,3.0,3.7,3.4,3.9,3.0,3.7,3.5,3.45,10,2,$1M,3,5,$5M,$100M,$100M,$166666.7,$1.2M,1,Medium,High,Critical,Low,Strong
Optimuse,20,2025,$4682120.0,$5800000.0,$2000000.0,$30000000.0,2021,4.8,4.3,4.5,4.4,4.2,3.7,4.4,4.39,10,2,$2M,4,9,$18M,$11.6M,$18M,$100000.0,$4M,4,Medium,High,Critical,Moderate,Strong
Zenesis,14,2024,$0.0,$0.0,$1000000.0,$12000000.0,2022,4.7,4.2,4.6,4.3,4.1,3.8,4.3,4.35,10,2,$1M,4,9,$9M,$0M,$9M,$71428.6,$2.8M,3,Small,Medium,Critical,Low,Medium
Hypar,17,2023,$5500000.0,$8280000.0,$4000000.0,$30000000.0,2018,4.5,4.7,4.5,3.9,3.4,4.2,4.0,4.29,10,2,$4M,4,9,$36M,$16.6M,$36M,$235294.1,$3.4M,3,Medium,High,Critical,Moderate,Strong
Designair,25,2023,$2000000.0,$2000000.0,$1000000.0,$10000000.0,2022,4.3,4.2,4.5,4.3,4.1,4.3,4.0,4.29,10,2,$1M,4,9,$9M,$4M,$9M,$40000.0,$5M,5,Small,High,Critical,Moderate,Strong
OpenSpace,190,2022,$9000000.0,$200000000.0,$60000000.0,$900000000.0,2017,4.6,4.3,4.2,3.9,4.5,4.0,4.5,4.28,30,2,$60M,4,9,$540M,$400M,$540M,$315789.5,$38M,38,Large,High,Comfortable,Very High,Strong
BuilDOTS,120,2024,$45000000.0,$121000000.0,,$0.0,2018,4.4,4.4,4.3,3.8,4.3,4.4,4.4,4.28,5,2,$0M,4,9,$0.0M,$242M,$242M,$0.0,$24M,24,Large,Medium,Comfortable,Very High,Strong
ORIS Connect,50,2025,$3000000.0,$3000000.0,$1000000.0,$10000000.0,2021,4.5,4.4,4.2,4.1,4.0,4.3,4.1,4.27,10,2,$1M,4,9,$9M,$6M,$9M,$20000.0,$10M,10,Small,High,High Risk,High,Strong
XYZ Reality,74,2021,$26892000.0,$69000000.0,$4000000.0,$200000000.0,2017,4.5,4.6,4.3,4.0,3.0,4.3,4.5,4.23,10,2,$4M,4,9,$36M,$138M,$138M,$54054.1,$14.8M,15,Large,High,Tight,High,Strong
AirWorks,40,2022,$5000000.0,$25000000.0,$2000000.0,$50000000.0,2017,4.3,4.2,4.5,4.0,4.0,4.1,3.9,4.21,10,2,$2M,4,9,$18M,$50M,$50M,$50000.0,$8M,8,Medium,High,High Risk,High,Strong
Skema.AI,25,2025,$50000.0,$5000000.0,$1000000.0,$25000000.0,2021,4.2,4.3,4.5,4.2,3.7,4.0,3.7,4.18,10,2,$1M,4,9,$9M,$10M,$10M,$40000.0,$5M,5,Medium,High,Critical,Moderate,Strong
Arcol,18,2022,$3600000.0,$3600000.0,$2000000.0,$20000000.0,2021,4.3,4.0,4.4,4.2,3.9,4.0,4.1,4.17,10,2,$2M,4,9,$18M,$7.2M,$18M,$111111.1,$3.6M,4,Medium,High,Critical,Moderate,Strong
WorkHero,25,2025,$5000000.0,$5000000.0,$1000000.0,$10000000.0,2023,4.8,4.7,3.4,4.0,3.9,3.8,3.8,4.14,10,2,$1M,4,9,$9M,$10M,$10M,$40000.0,$5M,5,Small,High,Critical,Moderate,Strong
Reshape Automation,25,2023,$12000000.0,$12000000.0,$1000000.0,$10000000.0,2021,4.5,4.1,4.2,4.3,3.8,3.6,3.8,4.14,10,8,$1M,4,9,$9M,$24M,$24M,$40000.0,$5M,5,Small,High,Critical,Moderate,Strong
Togal AI,27,2023,$5000000.0,$10400000.0,$15000000.0,$150000000.0,2019,4.4,4.2,3.7,4.3,4.1,4.1,3.8,4.12,30,2,$15M,4,9,$135M,$20.8M,$135M,$555555.6,$5.4M,5,Large,High,Critical,Moderate,Strong
Solesca,8,2023,$0.0,$650000.0,$1000000.0,$10000000.0,2022,4.2,4.3,4.2,4.0,3.7,4.1,3.9,4.12,10,2,$1M,4,9,$9M,$1.3M,$9M,$125000.0,$1.6M,2,Small,High,Critical,Low,Strong
Speckle,33,2024,$12500000.0,$19000000.0,$0.0,$100000000.0,2020,4.3,4.4,3.7,4.0,4.2,4.0,3.5,4.08,5,2,$0M,4,9,$0.0M,$38M,$38M,$0.0,$6.6M,7,Large,Medium,High Risk,Moderate,Strong
LionsBot,150,2025,$20600000.0,$60000000.0,$20000000.0,$220000000.0,2015,4.3,3.9,4.2,4.0,4.0,4.0,3.7,4.07,30,2,$20M,4,9,$180M,$120M,$180M,$133333.3,$30M,30,Large,High,Comfortable,Very High,Strong
Caidio,18,2022,$1500000.0,$1.5,$1400000.0,$20000000.0,2019,3.9,4.2,4.4,4.2,3.6,3.8,3.5,4.05,10,2,$1.4M,4,9,$12.6M,$0M,$12.6M,$77777.8,$3.6M,4,Medium,High,Critical,Moderate,Strong
ConXtech,120,2022,$25000000.0,$72000000.0,$40000000.0,$200000000.0,2004,4.5,4.1,3.7,3.5,4.0,4.3,4.2,4.03,30,2,$40M,4,9,$360M,$144M,$360M,$333333.3,$24M,24,Large,High,Comfortable,Very High,Strong
Inertia Systems,80,2023,$13200000.0,$18400000.0,$7000000.0,$50000000.0,2010,4.0,4.3,4.0,3.8,3.9,4.1,3.9,4.03,20,2,$7M,4,9,$63M,$36.8M,$63M,$87500.0,$16M,16,Medium,High,Tight,High,Strong
Giraffe,154,2022,$16.0,$16000000.0,$1000000.0,$10000000.0,2016,3.9,4.1,4.2,4.0,3.9,4.0,3.8,4.02,10,2,$1M,4,9,$9M,$32M,$32M,$6493.5,$30.8M,31,Small,High,Comfortable,Very High,Strong
MapShots,60,2022,$5000000.0,$6000000.0,,$0.0,2015,4.0,4.0,4.1,4.0,3.9,4.1,4.0,4.02,5,2,$0M,4,9,$0.0M,$12M,$12M,$0.0,$12M,12,Small,Medium,Tight,High,Strong
Motif,25,2025,$46000000.0,$46000000.0,$0.0,$0.0,2023,4.4,4.1,4.2,3.5,3.4,4.2,4.0,4.02,5,2,$0M,4,9,$0.0M,$92M,$92M,$0.0,$5M,5,Medium,Medium,Critical,Moderate,Strong
Voxelgrid,22,2022,$5000000.0,$5000000.0,$1000000.0,$30000000.0,2016,4.5,4.0,4.1,3.5,4.0,3.9,3.5,4.01,10,2,$1M,4,9,$9M,$10M,$10M,$45454.5,$4.4M,4,Medium,High,Critical,Moderate,Strong
Revizto,182,2024,$0.0,$0.0,$20000000.0,$200000000.0,2008,4.5,4.0,3.5,4.2,3.8,4.0,4.1,4.01,30,2,$20M,4,9,$180M,$0M,$180M,$109890.1,$36.4M,36,Large,Medium,Comfortable,Very High,Medium
cmBuilder.io,33,2022,$0.0,$15000000.0,$10000000.0,$55000000.0,2020,4.4,4.2,3.5,3.5,3.9,4.4,4.5,4.00,30,2,$10M,4,9,$90M,$30M,$90M,$303030.3,$6.6M,7,Medium,High,High Risk,Moderate,Strong
Track3D,21,2025,$10000000.0,$10000000.0,$1000000.0,$28000000.0,2020,4.4,3.9,3.7,4.4,3.0,4.3,4.0,3.99,10,2,$1M,4,7,$7M,$20M,$20M,$47619.0,$4.2M,4,Medium,High,Critical,Moderate,Strong
Endra,12,2025,$20000000.0,$23000000.0,$5000000.0,$150000000.0,2023,3.9,4.1,3.7,4.0,4.0,4.1,4.5,3.98,20,4,$5M,4,7,$35M,$46M,$46M,$416666.7,$2.4M,2,Large,High,Critical,Low,Strong
Mesh AG,18,2019,$0.0,$0.0,$6000000.0,$30000000.0,2019,4.4,3.9,3.7,4.4,3.5,3.5,4.0,3.96,20,2,$6M,4,7,$42M,$0M,$42M,$333333.3,$3.6M,4,Medium,Medium,Critical,Moderate,Medium
SnapTrude,78,2023,$14000000.0,$21800000.0,$0.0,$0.0,2017,4.2,3.9,4.0,3.7,3.8,4.1,3.9,3.96,5,2,$0M,4,7,$0.0M,$43.6M,$43.6M,$0.0,$15.6M,16,Medium,Medium,Tight,High,Strong
Kaedim,30,2024,$15000000.0,$15000000.0,$5000000.0,$100000000.0,2020,4.4,3.8,3.7,3.9,4.3,3.8,3.5,3.95,20,2,$5M,4,7,$35M,$30M,$35M,$166666.7,$6M,6,Large,High,High Risk,Moderate,Strong
Madaster Germany Gmbh,18,2025,$0.0,$10700000.0,$1000000.0,$21000000.0,2019,4.0,3.9,3.7,3.9,4.2,4.0,4.5,3.95,10,2,$1M,4,7,$7M,$21.4M,$21.4M,$55555.6,$3.6M,4,Medium,High,Critical,Moderate,Strong
Swapp,31,2024,$11500000.0,$18000000.0,$814286.0,$75000000.0,2019,4.5,4.0,3.5,3.5,4.0,4.4,3.5,3.94,5,2,$0.8M,4,7,$5.7M,$36M,$36M,$26267.3,$6.2M,6,Medium,High,High Risk,Moderate,Strong
Qonic,40,2023,$0.0,$0.0,$0.0,$1000000.0,2021,4.1,3.3,4.1,3.9,4.2,4.2,4.3,3.94,5,2,$0M,4,7,$0.0M,$0M,$0M,$0.0,$8M,8,Small,Low,High Risk,High,Medium
GreenLite,36,2025,$49500000.0,$49500000.0,$1000000.0,$16800000.0,2017,4.5,3.8,4.1,3.2,3.5,4.1,4.0,3.92,10,2,$1M,4,7,$7M,$99M,$99M,$27777.8,$7.2M,7,Medium,High,High Risk,Moderate,Strong
Planarific,5,2025,$847494.9,$400.0,$0.0,$20000000.0,2023,4.0,3.6,4.2,4.5,3.4,3.6,3.5,3.91,5,2,$0M,4,7,$0.0M,$0M,$0M,$0.0,$1M,1,Medium,Medium,Critical,Low,Strong
ShapesXR,40,2022,$8600000.0,$8600000.0,,$0.0,2018,3.9,3.8,4.1,3.9,3.8,3.9,3.9,3.91,5,2,$0M,4,7,$0.0M,$17.2M,$17.2M,$0.0,$8M,8,Small,Medium,High Risk,High,Strong
Higharc,120,2022,$21000000.0,$41000000.0,$5000000.0,$150000000.0,2018,4.0,3.8,4.1,3.6,3.7,4.0,3.9,3.89,20,2,$5M,4,7,$35M,$82M,$82M,$41666.7,$24M,24,Large,High,Comfortable,Very High,Strong
PT Blink,50,2021,$0.0,$0.0,$7000000.0,$100000000.0,2015,4.4,3.7,4.0,3.3,3.5,4.1,4.1,3.88,20,2,$7M,4,7,$49M,$0M,$49M,$140000.0,$10M,10,Large,Medium,High Risk,High,Medium
Vestigas,45,2023,$8000000.0,$8000000.0,,$0.0,2020,3.9,3.8,4.0,3.9,3.7,3.9,3.9,3.88,5,2,$0M,4,7,$0.0M,$16M,$16M,$0.0,$9M,9,Small,Medium,High Risk,High,Strong
Sablono,22,2021,$6273080.0,$8000000.0,$7000000.0,$40000000.0,2013,4.2,4.1,3.5,3.9,3.2,4.2,3.6,3.87,20,2,$7M,4,7,$49M,$16M,$49M,$318181.8,$4.4M,4,Medium,High,Critical,Moderate,Strong
Sense,85,2022,$105000000.0,$80000000.0,$30000000.0,$260000000.0,2013,3.8,4.1,3.7,4.0,3.5,4.2,3.5,3.87,30,2,$30M,4,7,$210M,$160M,$210M,$352941.2,$17M,17,Large,High,Tight,High,Strong
Reconstruct,85,2022,$17000000.0,$34000000.0,$5000000.0,$80000000.0,2016,4.0,3.8,4.0,3.6,3.7,4.0,3.9,3.87,20,2,$5M,4,7,$35M,$68M,$68M,$58823.5,$17M,17,Medium,High,Tight,High,Strong
Plans,70,2022,$13500000.0,$13500000.0,$1000000.0,$10000000.0,2018,4.1,4.2,3.4,3.7,4.0,3.8,3.9,3.87,10,2,$1M,4,7,$7M,$27M,$27M,$14285.7,$14M,14,Small,High,Tight,High,Strong
Augmenta,40,2025,$10000000.0,$25800000.0,$0.0,$0.0,2018,4.1,3.7,4.2,3.6,3.3,3.9,3.7,3.85,5,2,$0M,4,7,$0.0M,$51.6M,$51.6M,$0.0,$8M,8,Medium,Medium,High Risk,High,Strong
Make a BIM,5,2024,$0.0,$200000.0,$1000000.0,$20000000.0,2023,4.9,3.7,3.7,3.0,4.0,3.5,3.5,3.84,10,2,$1M,4,7,$7M,$0.4M,$7M,$200000.0,$1M,1,Medium,High,Critical,Low,Strong
That Open Company,6,2025,$0.0,$0.0,$0.0,$0.0,2023,4.0,3.6,4.2,3.7,3.4,3.8,3.6,3.82,5,2,$0M,4,7,$0.0M,$0M,$0M,$0.0,$1.2M,1,Small,Low,Critical,Low,Medium
Kenesto,28,2017,$0.0,$10700000.0,$4000000.0,$40000000.0,2011,4.4,3.7,3.5,3.7,3.9,3.6,3.3,3.79,10,2,$4M,4,7,$28M,$21.4M,$28M,$142857.1,$5.6M,6,Medium,High,Critical,Moderate,Strong
Recloud,14,2022,$0.0,$1000000.0,$4000000.0,$70000000.0,2022,4.5,3.7,3.0,4.0,3.5,3.8,3.6,3.75,10,2,$4M,4,7,$28M,$2M,$28M,$285714.3,$2.8M,3,Medium,High,Critical,Low,Strong
Specter Automation,24,2025,$5000000.0,$5000000.0,$2000000.0,$35000000.0,2021,4.0,3.8,3.5,3.9,3.5,3.8,3.5,3.75,10,2,$2M,4,7,$14M,$10M,$14M,$83333.3,$4.8M,5,Medium,High,Critical,Moderate,Strong
AnkerDB,20,2024,$1000000.0,$1000000.0,$1000000.0,$10000000.0,2022,4.0,3.8,3.6,3.5,3.7,3.8,3.6,3.74,10,2,$1M,4,7,$7M,$2M,$7M,$50000.0,$4M,4,Small,High,Critical,Moderate,Strong
Arkio,10,2017,$0.0,$0.0,$6000000.0,$100000000.0,2017,4.3,4.1,3.5,3.0,3.0,3.8,3.8,3.70,20,8,$6M,4,7,$42M,$0M,$42M,$600000.0,$2M,2,Large,Medium,Critical,Low,Medium
AeroAI,7,2025,$250000.0,$400000.0,$6000000.0,$100000000.0,2021,3.5,3.7,3.5,3.5,4.1,4.1,4.2,3.70,20,2,$6M,4,7,$42M,$0.8M,$42M,$857142.9,$1.4M,1,Large,High,Critical,Low,Strong
Archaas,5,2025,$0.0,$0.0,$0.0,$0.0,2025,3.8,3.4,4.0,4.2,3.0,3.6,3.2,3.69,5,2,$0M,4,7,$0.0M,$0M,$0M,$0.0,$1M,1,Small,Low,Critical,Low,Medium
ArchiLabs,11,2024,$500000.0,$500000.0,$3000000.0,$70000000.0,2022,3.9,3.9,3.5,3.9,3.0,3.5,3.5,3.67,10,4,$3M,4,7,$21M,$1M,$21M,$272727.3,$2.2M,2,Medium,High,Critical,Low,Strong
Bimspot,3,2019,$200000.0,$220000.0,$0.0,$20000000.0,2019,4.8,3.3,3.7,3.0,3.4,3.5,3.3,3.67,5,2,$0M,4,7,$0.0M,$0.4M,$0.4M,$0.0,$0.6M,1,Medium,Medium,Critical,Very Low,Strong
Nyfty.ai,10,2018,$100000.0,$500000.0,$1000000.0,$10000000.0,2018,3.4,3.7,3.9,3.6,3.8,3.8,3.3,3.67,10,2,$1M,4,7,$7M,$1M,$7M,$100000.0,$2M,2,Small,High,Critical,Low,Strong
Aixma,10,2025,$0.0,$0.0,$0.0,$0.0,2024,3.6,3.4,4.2,4.0,2.8,3.7,3.3,3.66,5,2,$0M,4,7,$0.0M,$0M,$0M,$0.0,$2M,2,Small,Low,Critical,Low,Medium
KREODx,2,2022,$0.0,$0.0,$0.0,$10000000.0,2022,4.2,3.4,4.1,3.1,2.9,3.9,3.5,3.66,5,2,$0M,4,7,$0.0M,$0M,$0M,$0.0,$0.4M,0,Small,Low,Critical,Very Low,Medium
Ara 3D,1,2025,$0.0,$0.0,$0.0,$0.0,2018,3.6,3.2,4.1,4.3,3.1,3.5,3.3,3.65,5,2,$0M,4,7,$0.0M,$0M,$0M,$0.0,$0.2M,0,Small,Low,Critical,Very Low,Medium
BimDrone,8,2018,$0.0,$400000.0,$1000000.0,$10000000.0,2018,4.4,3.7,3.2,3.5,3.5,3.4,3.2,3.64,10,2,$1M,4,7,$7M,$0.8M,$7M,$125000.0,$1.6M,2,Small,High,Critical,Low,Strong
Hontrel,39,2025,$0.0,$0.0,$0.0,$0.0,2022,3.8,3.5,3.7,3.4,3.3,3.6,3.4,3.57,5,2,$0M,4,7,$0.0M,$0M,$0M,$0.0,$7.8M,8,Small,Low,High Risk,Moderate,Medium
Kabandy,5,2022,$100000.0,$100000.0,$1000000.0,$10000000.0,2016,3.9,3.7,3.0,3.0,4.1,3.4,3.8,3.51,10,2,$1M,4,7,$7M,$0.2M,$7M,$200000.0,$1M,1,Small,High,Critical,Low,Strong
Twinview,16,2019,$4000000.0,$4000000.0,$6100000.0,$90000000.0,2019,4.5,3.9,3.7,0.0,4.1,4.6,3.5,3.47,20,2,$6.1M,4,5,$30.5M,$8M,$30.5M,$381250.0,$3.2M,3,Medium,High,Critical,Moderate,Strong
FOLDSTRUCT,3,2019,$0.0,$0.0,$0.0,$0.0,2019,3.7,3.2,3.6,3.6,3.0,3.6,3.3,3.47,5,2,$0M,3,5,$0.0M,$0M,$0M,$0.0,$0.6M,1,Small,Low,Critical,Very Low,Medium
BIMtwin,8,2020,$0.0,$0.0,$0.0,$0.0,2020,3.4,3.6,3.2,3.8,3.3,3.7,3.0,3.46,5,2,$0M,3,5,$0.0M,$0M,$0M,$0.0,$1.6M,2,Small,Low,Critical,Low,Medium
BIMLOGIQ,5,2023,$0.0,$1000000.0,$2000000.0,$10000000.0,2018,3.2,3.3,3.5,4.0,3.3,3.5,3.3,3.45,10,2,$2M,3,5,$10M,$2M,$10M,$400000.0,$1M,1,Small,High,Critical,Low,Strong
NYNE Gmbh,10,2023,$600000.0,$600000.0,$1000000.0,$10000000.0,2023,3.9,4.0,3.8,0.0,3.6,3.7,4.1,3.28,10,2,$1M,3,5,$5M,$1.2M,$5M,$100000.0,$2M,2,Small,High,Critical,Low,Strong
VisionXt S.r.l.,12,2018,$0.0,$250000.0,$1000000.0,$10000000.0,2018,3.9,3.5,0.0,3.5,3.2,3.4,3.4,2.84,10,2,$1M,3,4,$4M,$0.5M,$4M,$83333.3,$2.4M,2,Small,High,Critical,Low,Strong
BuildCore AI,,,,,,,,,,,,,,,0.00,5,0,,0,2,$0.0M,$0M,$0M,,,0,Small,Low,Unknown,Unknown,Low
Augury,500,2025,$75000000.0,$370000000.0,$155000000.0,$1200000000.0,2011,4.5,4.7,4.7,3.9,4.2,4.7,4.8,4.50,30,2,$155M,4,12,$1860M,$740M,$1860M,$310000.0,$100M,100,Large,High,Very Strong,Very High,Strong
Lumafield,120,2025,$50000000.0,$42000000.0,$70000000.0,$800000000.0,2019,4.4,4.6,4.3,4.0,4.9,4.3,4.2,4.39,30,2,$70M,4,9,$630M,$84M,$630M,$583333.3,$24M,24,Large,High,Comfortable,Very High,Strong
Dusty Robotics,87,2022,$45000000.0,$69000000.0,$25800000.0,$250000000.0,2018,4.6,4.4,4.4,4.3,4.2,4.0,4.5,4.37,30,2,$25.8M,4,9,$232.2M,$138M,$232.2M,$296551.7,$17.4M,17,Large,High,Tight,High,Strong
MosaicMFG,103,2021,$28000000.0,$28000000.0,$10000000.0,$150000000.0,2014,4.7,4.2,4.5,4.3,4.0,4.4,3.8,4.36,30,2,$10M,4,9,$90M,$56M,$90M,$97087.4,$20.6M,21,Large,High,Healthy,Very High,Strong
Machina Labs,90,2023,$32000000.0,$45000000.0,$15000000.0,$200000000.0,2019,4.5,4.3,4.3,4.2,4.4,4.2,4.2,4.32,30,2,$15M,4,9,$135M,$90M,$135M,$166666.7,$18M,18,Large,High,Healthy,High,Strong
Rapid Liquid Print,20,2024,$7000000.0,$10000000.0,$7000000.0,$100000000.0,2015,4.7,4.0,4.8,3.9,4.2,4.0,4.3,4.32,20,2,$7M,4,9,$63M,$20M,$63M,$350000.0,$4M,4,Large,High,Critical,Moderate,Strong
Vention,313,2026,$110000000.0,$265000000.0,$60000000.0,$900000000.0,2016,4.4,4.5,4.1,4.0,4.7,4.2,4.2,4.30,30,2,$60M,4,9,$540M,$530M,$540M,$191693.3,$62.6M,63,Large,High,Very Strong,Very High,Strong
Medra,30,2025,$52000000.0,$63000000.0,$1000000.0,$1000000.0,2023,4.5,4.3,4.4,4.1,4.0,4.2,4.3,4.29,10,2,$1M,4,9,$9M,$126M,$126M,$33333.3,$6M,6,Medium,High,High Risk,Moderate,Strong
Alloy Enterprises,150,2023,$26000000.0,$43000000.0,$24000000.0,$150000000.0,2020,4.5,4.5,4.7,3.9,3.0,4.2,4.1,4.25,30,8,$24M,4,9,$216M,$86M,$216M,$160000.0,$30M,30,Large,High,Comfortable,Very High,Strong
Built Robotics,100,2022,$64000000.0,$112500000.0,$0.0,$400000000.0,2016,4.4,4.2,4.2,4.0,4.2,4.2,4.2,4.21,5,2,$0M,4,9,$0.0M,$225M,$225M,$0.0,$20M,20,Large,Medium,Healthy,Very High,Strong
Kwant.ai,30,2022,$3900000.0,$3900000.0,$4000000.0,$30000000.0,2018,4.1,4.2,4.3,4.1,4.2,4.3,4.2,4.20,10,8,$4M,4,9,$36M,$7.8M,$36M,$133333.3,$6M,6,Medium,High,High Risk,Moderate,Strong
Glacier,30,2025,$16000000.0,$16000000.0,$20000000.0,$300000000.0,2019,4.4,4.0,4.3,4.3,4.0,4.0,3.9,4.18,30,2,$20M,4,9,$180M,$32M,$180M,$666666.7,$6M,6,Large,High,High Risk,Moderate,Strong
Mech-Mind Robotics,184,2022,$71800000.0,$2016.0,$0.0,$1200000000.0,2016,4.2,4.3,4.2,3.7,4.4,4.1,4.5,4.17,5,8,$0M,4,9,$0.0M,$0M,$0M,$0.0,$36.8M,37,Large,Medium,Comfortable,Very High,Strong
ARX Robotics,20,2025,$12901900.0,$42000000.0,$9000000.0,$50000000.0,2021,4.5,4.0,3.8,4.2,4.2,4.2,4.2,4.14,20,2,$9M,4,9,$81M,$84M,$84M,$450000.0,$4M,4,Medium,High,Critical,Moderate,Strong
Variant3D,10,2022,$0.0,$0.0,$1000000.0,$20000000.0,2023,4.8,4.0,4.2,3.5,3.9,4.0,4.0,4.12,10,2,$1M,4,9,$9M,$0M,$9M,$100000.0,$2M,2,Medium,Medium,Critical,Low,Medium
Skydio,800,2024,$170000000.0,$740000000.0,$200000000.0,$2500000000.0,2014,4.3,4.2,4.4,3.2,4.0,4.4,4.4,4.12,30,2,$200M,4,9,$1800M,$1480M,$1800M,$250000.0,$160M,160,Large,High,Very Strong,Very High,Strong
Lila,350,2025,$350000000.0,$550000000.0,$0.0,$1300.0,2023,4.7,4.2,4.5,3.0,3.6,4.3,4.0,4.12,5,2,$0M,4,9,$0.0M,$1100M,$1100M,$0.0,$70M,70,Large,Medium,Very Strong,Very High,Strong
AON3D,104,2021,$11500000.0,$13400000.0,$15000000.0,$150000000.0,2015,4.5,3.5,4.2,4.0,4.0,4.3,4.2,4.08,30,2,$15M,4,9,$135M,$26.8M,$135M,$144230.8,$20.8M,21,Large,High,Healthy,Very High,Strong
Foxglove,180,2025,$40000000.0,$58700000.0,$0.0,$0.0,2021,4.4,4.1,4.3,3.3,3.9,4.2,4.0,4.07,5,2,$0M,4,9,$0.0M,$117.4M,$117.4M,$0.0,$36M,36,Medium,Medium,Comfortable,Very High,Strong
Bright Machines,600,2024,$126000000.0,$400000000.0,$80000000.0,$1000000000.0,2018,4.4,4.2,3.7,3.7,4.0,4.3,4.1,4.05,30,2,$80M,4,9,$720M,$800M,$800M,$133333.3,$120M,120,Large,High,Very Strong,Very High,Strong
Mimic Robotics,8,2025,$16000000.0,$20000000.0,$1000000.0,$10000000.0,2024,4.0,4.2,4.3,3.6,3.9,4.1,4.1,4.05,10,2,$1M,4,9,$9M,$40M,$40M,$125000.0,$1.6M,2,Medium,High,Critical,Low,Strong
Saeki,8,2025,$6700000.0,$9000000.0,$0.0,$0.0,2022,4.2,4.0,4.3,3.7,3.6,4.1,4.0,4.03,5,2,$0M,4,9,$0.0M,$18M,$18M,$0.0,$1.6M,2,Small,Medium,Critical,Low,Strong
Azimuth,20,2024,$0.0,$18800000.0,$5000000.0,$100000000.0,2023,4.3,4.2,3.6,4.0,4.2,3.7,3.9,4.01,20,8,$5M,4,9,$45M,$37.6M,$45M,$250000.0,$4M,4,Large,High,Critical,Moderate,Strong
Formic,160,2024,$53000000.0,$75000000.0,$16300000.0,$150000000.0,2020,4.2,3.9,4.1,3.7,3.9,4.1,4.1,4.00,30,2,$16.3M,4,9,$146.7M,$150M,$150M,$101875.0,$32M,32,Large,High,Comfortable,Very High,Strong
Atomic Industries,36,2025,$25000000.0,$28700000.0,$5600000.0,$400000000.0,2019,3.9,4.3,3.2,4.0,3.9,4.2,4.0,3.89,20,4,$5.6M,4,7,$39.2M,$57.4M,$57.4M,$155555.6,$7.2M,7,Large,High,High Risk,Moderate,Strong
Electra Vehicles,150,2023,$21000000.0,$21000000.0,$0.0,$0.0,2015,4.2,3.9,4.0,3.4,3.5,4.0,3.8,3.87,5,2,$0M,4,7,$0.0M,$42M,$42M,$0.0,$30M,30,Medium,Medium,Comfortable,Very High,Strong
H3D,30,2025,$5800000.0,$6800000.0,$1000000.0,$10000000.0,2018,4.2,3.8,4.2,3.2,3.6,4.0,3.8,3.87,10,2,$1M,4,7,$7M,$13.6M,$13.6M,$33333.3,$6M,6,Small,High,High Risk,Moderate,Strong
Extropic,35,2023,$14100000.0,$14100000.0,$0.0,$0.0,2022,4.3,3.4,4.6,3.0,3.1,4.0,3.7,3.81,5,2,$0M,4,7,$0.0M,$28.2M,$28.2M,$0.0,$7M,7,Small,Medium,High Risk,Moderate,Strong
Fuzzy Logic Robotics,25,2021,$3000000.0,$3000000.0,$0.0,$0.0,2018,4.0,3.8,4.1,3.5,3.2,3.8,3.6,3.78,5,2,$0M,4,7,$0.0M,$6M,$6M,$0.0,$5M,5,Small,Medium,Critical,Moderate,Strong
Toolhouse.Build,2,2024,$0.0,$0.0,$1000000.0,$10000000.0,2023,4.5,3.3,3.2,3.9,4.1,3.7,4.1,3.77,10,8,$1M,4,7,$7M,$0M,$7M,$500000.0,$0.4M,0,Small,Medium,Critical,Very Low,Medium
Chemix,35,2024,$20000000.0,$20000000.0,$0.0,$0.0,2021,4.2,3.6,4.0,3.2,3.3,3.9,3.6,3.74,5,2,$0M,4,7,$0.0M,$40M,$40M,$0.0,$7M,7,Medium,Medium,High Risk,Moderate,Strong
Sintavia,190,2025,$10000000.0,$35000000.0,$0.0,$0.0,2012,3.9,4.1,3.6,3.0,3.4,4.0,3.9,3.71,5,8,$0M,4,7,$0.0M,$70M,$70M,$0.0,$38M,38,Medium,Medium,Comfortable,Very High,Strong
Convai,18,2022,$5000000.0,$52022.0,$5000000.0,$60000000.0,2022,4.0,4.2,3.0,3.0,4.0,4.0,3.8,3.68,20,2,$5M,4,7,$35M,$0.1M,$35M,$277777.8,$3.6M,4,Medium,High,Critical,Moderate,Strong
Ewake,15,2025,$2000000.0,$2000000.0,$1000000.0,$10000000.0,2024,4.0,4.5,3.0,3.0,4.0,3.5,3.5,3.68,10,2,$1M,4,7,$7M,$4M,$7M,$66666.7,$3M,3,Small,High,Critical,Moderate,Strong
Mulin,7,2023,$0.0,$0.0,$0.0,$0.0,2022,3.7,3.6,4.0,3.3,3.2,3.5,3.4,3.60,5,2,$0M,4,7,$0.0M,$0M,$0M,$0.0,$1.4M,1,Small,Low,Critical,Low,Medium
Normal,12,2024,$0.0,$34000000.0,$0.0,$0.0,2023,3.6,3.4,4.2,3.1,3.0,3.3,3.6,3.52,5,2,$0M,3,7,$0.0M,$68M,$68M,$0.0,$2.4M,2,Medium,Medium,Critical,Low,Strong
InterBolt,45,2017,$0.0,$0.0,$0.0,$0.0,2017,3.8,3.4,3.7,3.0,3.0,3.7,3.4,3.47,5,2,$0M,3,5,$0.0M,$0M,$0M,$0.0,$9M,9,Small,Low,High Risk,High,Medium
Holy Technologies,40,2025,$5080000.0,$5080000.0,$0.0,$0.0,2022,3.6,3.6,4.3,4.5,2.0,1.0,3.7,3.46,5,2,$0M,3,5,$0.0M,$10.2M,$10.2M,$0.0,$8M,8,Small,Medium,High Risk,High,Strong
Labster,350,2021,$60000000.0,$148000000.0,$73500000.0,$30000000.0,2011,4.1,4.3,4.2,4.0,4.1,4.2,4.1,4.16,30,2,$73.5M,4,9,$661.5M,$296M,$661.5M,$210000.0,$70M,70,Large,High,Very Strong,Very High,Strong
Merlyn for Education,90,2021,$29000000.0,$29000000.0,$10000000.0,$200000000.0,2018,4.5,3.5,4.4,4.0,4.0,4.1,4.1,4.10,30,2,$10M,4,9,$90M,$58M,$90M,$111111.1,$18M,18,Large,High,Healthy,High,Strong
Teesas,42,2021,$1600000.0,$1600000.0,$5000000.0,$32000000.0,2021,4.2,4.1,4.3,3.9,3.8,4.2,4.0,4.10,20,2,$5M,4,9,$45M,$3.2M,$45M,$119047.6,$8.4M,8,Medium,High,High Risk,High,Strong
Kalam Labs,55,2021,$0.0,$672000.0,$1000000.0,$20000000.0,2019,4.0,3.9,4.3,4.1,3.7,4.0,3.9,4.02,10,2,$1M,4,9,$9M,$1.3M,$9M,$18181.8,$11M,11,Medium,High,High Risk,High,Strong
Turing Education,250,2021,$14000000.0,$14000000.0,$6140000.0,$25000000.0,2014,4.1,4.2,3.8,3.7,4.0,4.1,4.0,3.99,20,2,$6.1M,4,7,$43M,$28M,$43M,$24560.0,$50M,50,Medium,High,Very Strong,Very High,Strong
Periodic Labs,35,2025,$300000000.0,$300000000.0,$0.0,$0.0,2025,4.6,3.8,4.3,3.2,3.3,4.2,3.8,3.96,5,2,$0M,4,7,$0.0M,$600M,$600M,$0.0,$7M,7,Large,Medium,High Risk,Moderate,Strong
Parallel Fluidics,8,2024,$7000000.0,$14000000.0,$4200000.0,$20000000.0,2024,5.0,3.4,3.8,4.0,4.1,3.0,3.8,3.94,10,2,$4.2M,4,7,$29.4M,$28M,$29.4M,$525000.0,$1.6M,2,Medium,High,Critical,Low,Strong
"TopoLogic, Inc",15,2024,$4426037.0,$7200000.0,$1000000.0,$20000000.0,2021,3.8,4.4,4.2,3.5,3.3,4.2,3.4,3.93,10,4,$1M,4,7,$7M,$14.4M,$14.4M,$66666.7,$3M,3,Medium,High,Critical,Moderate,Strong
AI MakerSpace,7,2023,$0.0,$600000.0,$1000000.0,$10000000.0,2021,4.5,3.7,3.9,3.5,3.6,3.8,3.5,3.86,10,2,$1M,4,7,$7M,$1.2M,$7M,$142857.1,$1.4M,1,Small,High,Critical,Low,Strong
Fabrio,10,2024,$0.0,$0.0,$5000000.0,$80000000.0,2023,4.5,3.8,3.7,3.5,3.5,3.5,3.8,3.82,20,2,$5M,4,7,$35M,$0M,$35M,$500000.0,$2M,2,Medium,Medium,Critical,Low,Medium
RevisionDojo,11,2025,$3400000.0,$1000000.0,$1000000.0,$20000000.0,2022,3.9,3.7,4.1,3.7,3.6,3.8,3.7,3.82,10,2,$1M,4,7,$7M,$2M,$7M,$90909.1,$2.2M,2,Medium,High,Critical,Low,Strong
LycheeAI,1,2025,$0.0,$0.0,$1000000.0,$10000000.0,2024,3.6,3.7,3.9,4.1,3.8,3.6,3.5,3.77,10,2,$1M,4,7,$7M,$0M,$7M,$1000000.0,$0.2M,0,Small,Medium,Critical,Very Low,Medium
polySpectra (neThing.xyz),4,2022,$0.0,$500.0,$2000000.0,$30000000.0,2022,4.4,3.2,3.7,3.5,3.0,3.8,3.5,3.64,10,2,$2M,4,7,$14M,$0M,$14M,$500000.0,$0.8M,1,Medium,High,Critical,Very Low,Strong
Share PLM,10,2018,$0.0,$0.0,$2000000.0,$15000000.0,2018,3.6,3.9,3.1,3.8,3.4,3.5,3.2,3.54,10,2,$2M,4,7,$14M,$0M,$14M,$200000.0,$2M,2,Small,Medium,Critical,Low,Medium
Inductiva,35,2023,$2650000.0,$2650000.0,$0.0,$0.0,2021,3.8,3.4,3.6,3.5,3.0,3.5,3.2,3.50,5,2,$0M,3,7,$0.0M,$5.3M,$5.3M,$0.0,$7M,7,Small,Medium,High Risk,Moderate,Strong
Elephant AI,8,2025,$0.0,$0.0,$550000.0,$0.0,2022,3.2,3.2,3.0,3.0,3.0,3.1,2.8,3.08,5,2,$0.6M,3,5,$2.8M,$0M,$2.8M,$68750.0,$1.6M,2,Small,Medium,Critical,Low,Medium